,courseId,courseName,Tourist Spot
0,1,남호고택에서의 하룻밤,(봉화)계서당(성이성 생가)
1,1,남호고택에서의 하룻밤,(봉화)남호구택
2,1,남호고택에서의 하룻밤,(봉화)지림사
3,1,남호고택에서의 하룻밤,(봉화)춘양목 송이마을
4,2,천년의 비밀을 지닌 고찰에서 캠핑을 하다,(영동)난계국악박물관/난계국악기체험전수관
5,2,천년의 비밀을 지닌 고찰에서 캠핑을 하다,(영동)송호국민관광지캠핑장
6,2,천년의 비밀을 지닌 고찰에서 캠핑을 하다,(영동)영국사
7,3,밝고 청정한 영양의 산천을 찾아서,(영양)국립 검마산자연휴양림
8,3,밝고 청정한 영양의 산천을 찾아서,(영양)두메송하마을
9,3,밝고 청정한 영양의 산천을 찾아서,(영양)영양시장
10,3,밝고 청정한 영양의 산천을 찾아서,(영양)일월산
11,4,켜켜이 쌓인 세월의 아름다움을 찾아 서,(보은)법주사
12,4,켜켜이 쌓인 세월의 아름다움을 찾아 서,(보은)삼년산성 
13,4,켜켜이 쌓인 세월의 아름다움을 찾아 서,(보은)선병국 가옥
14,4,켜켜이 쌓인 세월의 아름다움을 찾아 서,(영동)비단강숲마을
15,5,속리산이 그려낸 즐거운 나날,(괴산)화양동계곡 트레킹
16,5,속리산이 그려낸 즐거운 나날,(괴산)화양동야영장
17,5,속리산이 그려낸 즐거운 나날,(보은)오장환문학관 
18,5,속리산이 그려낸 즐거운 나날,(보은)정이품송
19,6,청주의 자연에서 배우면서 뒹굴자,(청주)문의문화재단지 
20,6,청주의 자연에서 배우면서 뒹굴자,(청주)미동산수목원
21,6,청주의 자연에서 배우면서 뒹굴자,(청주)상수허브랜드
22,6,청주의 자연에서 배우면서 뒹굴자,(청주)청남대
23,7,캠핑을 즐기며 여유롭게 돌아보는 태 안,(보령)대천항
24,7,캠핑을 즐기며 여유롭게 돌아보는 태 안,(태안)고남패총박물관
25,7,캠핑을 즐기며 여유롭게 돌아보는 태 안,(태안)꽃지해수욕장
26,7,캠핑을 즐기며 여유롭게 돌아보는 태 안,(태안)몽산포캠핑장
27,7,캠핑을 즐기며 여유롭게 돌아보는 태 안,(태안)안면암 
28,8,캠핑에 문화와 예술을 더하다,(계룡)괴목정 
29,8,캠핑에 문화와 예술을 더하다,(계룡)사계고택
30,8,캠핑에 문화와 예술을 더하다,(논산)KT&G 상상마당 논산 캠핑장
31,8,캠핑에 문화와 예술을 더하다,(논산)개태사
32,코스ID,코스명,관광지명
33,9,백제 땅에 캠핑하다,(논산)KT&G 상상마당 논산  캠핑장
34,9,백제 땅에 캠핑하다,(논산)관촉사
35,9,백제 땅에 캠핑하다,(논산)명재고택
36,9,백제 땅에 캠핑하다,(논산)백제군사박물관/계백장군유적지 
37,10,서해바다에 안기고 체험마을에 머물다,(보령)방자구이마을
38,10,서해바다에 안기고 체험마을에 머물다,(서천)국립생태원 
39,10,서해바다에 안기고 체험마을에 머물다,(서천)금강하구둑관광지 
40,10,서해바다에 안기고 체험마을에 머물다,(서천)이색체험마을
41,10,서해바다에 안기고 체험마을에 머물다,(서천)장항솔숲 
42,11,충청남도의 보물 같은 마을 풍경,(예산)광시한우거리 
43,11,충청남도의 보물 같은 마을 풍경,(예산)덕산온천 관광호텔
44,11,충청남도의 보물 같은 마을 풍경,(예산)봉수산 자연휴양림
45,11,충청남도의 보물 같은 마을 풍경,(예산)슬로시티 대흥
46,12,충청남도의 자연에 풍덩 빠져 즐기다,(서산)부석사
47,12,충청남도의 자연에 풍덩 빠져 즐기다,(서산)삼길포항 
48,12,충청남도의 자연에 풍덩 빠져 즐기다,(서산)천수만/간월암 
49,12,충청남도의 자연에 풍덩 빠져 즐기다,(태안)안면도자연휴양림
50,13,밤벌오토캠핑장에서 여름을 보내다,(가평)대리마을 산골농원
51,13,밤벌오토캠핑장에서 여름을 보내다,(가평)밤벌오토캠핑장
52,13,밤벌오토캠핑장에서 여름을 보내다,(가평)어비계곡
53,13,밤벌오토캠핑장에서 여름을 보내다,(가평)유명산 자연휴양림
54,14,놀거리 볼거리 많은 장흥에서의 캠핑,(양주)송추유원지
55,14,놀거리 볼거리 많은 장흥에서의 캠핑,(양주)신흥레저타운
56,14,놀거리 볼거리 많은 장흥에서의 캠핑,(양주)오봉산 석굴암
57,14,놀거리 볼거리 많은 장흥에서의 캠핑,(양주)장흥아트파크 
58,14,놀거리 볼거리 많은 장흥에서의 캠핑,(양주)장흥해일농장
59,15,고매한 백제의 혼이 흐르는 부여의 시 우리 캠핑,(부여)국립부여박물관
60,15,고매한 백제의 혼이 흐르는 부여의 시 우리 캠핑,(부여)부소산성
61,15,고매한 백제의 혼이 흐르는 부여의 시 우리 캠핑,(부여)시우리 캠핑장
62,15,고매한 백제의 혼이 흐르는 부여의 시 우리 캠핑,(부여)정림사지
63,16,주변 놀거리 볼거리 많은 마가리캠핑 장,(평창)마가리캠핑장
64,16,주변 놀거리 볼거리 많은 마가리캠핑 장,(평창)이효석문화마을
65,16,주변 놀거리 볼거리 많은 마가리캠핑 장,(평창)허브나라 농원
66,16,주변 놀거리 볼거리 많은 마가리캠핑 장,(평창)흥정계곡
67,코스ID,코스명,관광지명
68,17,자라섬에서의 낭만 넘치는 오토캠핑,(가평)남이섬
69,17,자라섬에서의 낭만 넘치는 오토캠핑,(가평)아침고요수목원
70,17,자라섬에서의 낭만 넘치는 오토캠핑,(가평)자라섬오토캠핑장
71,18,태안해안을 바라보며 즐기는 캠핑,(태안)꽃지해수욕장
72,18,태안해안을 바라보며 즐기는 캠핑,(태안)삼봉해수욕장
73,18,태안해안을 바라보며 즐기는 캠핑,(태안)안면도자연휴양림
74,18,태안해안을 바라보며 즐기는 캠핑,(태안)안흥성
75,18,태안해안을 바라보며 즐기는 캠핑,(태안)팜카밀레허브농원
76,18,태안해안을 바라보며 즐기는 캠핑,(태안)홀리데이파크 캠핑카라반
77,19,태안의 가장 아름다운 해변캠핑을 즐 기다,(태안)구름포해수욕장
78,19,태안의 가장 아름다운 해변캠핑을 즐 기다,(태안)백화산
79,19,태안의 가장 아름다운 해변캠핑을 즐 기다,(태안)신두리해안사구 
80,19,태안의 가장 아름다운 해변캠핑을 즐 기다,(태안)천리포수목원
81,19,태안의 가장 아름다운 해변캠핑을 즐 기다,(태안)학암포오토캠핑장
82,20,아우내에서 즐기는 캠핑여행,(천안)광덕사
83,20,아우내에서 즐기는 캠핑여행,(천안)병천순대 거리
84,20,아우내에서 즐기는 캠핑여행,(천안)아우내오토캠핑장
85,20,아우내에서 즐기는 캠핑여행,(천안)유관순열사유적지 
86,21,예당저수지에서 즐기는 캠핑,(예산)리솜 스파 캐슬
87,21,예당저수지에서 즐기는 캠핑,(예산)봉수산 자연휴양림
88,21,예당저수지에서 즐기는 캠핑,(예산)수덕사
89,21,예당저수지에서 즐기는 캠핑,(예산)예당 관광지
90,21,예당저수지에서 즐기는 캠핑,(예산)예당저수지야영장
91,21,예당저수지에서 즐기는 캠핑,(예산)의좋은 형제공원
92,21,예당저수지에서 즐기는 캠핑,(예산)임존성
93,21,예당저수지에서 즐기는 캠핑,(예산)추사 고택
94,21,예당저수지에서 즐기는 캠핑,(예산)충의사/예덕상무사
95,22,온천의 고장에서 즐기는 스파와 캠핑,(아산)공세리 성당
96,22,온천의 고장에서 즐기는 스파와 캠핑,(아산)세계꽃식물원
97,22,온천의 고장에서 즐기는 스파와 캠핑,(아산)영인산 자연휴양림
98,22,온천의 고장에서 즐기는 스파와 캠핑,(아산)파라다이스 스파도고
99,22,온천의 고장에서 즐기는 스파와 캠핑,(아산)피나클랜드
100,코스ID,코스명,관광지명
101,23,해송숲에서 즐기는 캠핑여행,(서천)마량리 동백나무 숲
102,23,해송숲에서 즐기는 캠핑여행,(서천)마량포구
103,23,해송숲에서 즐기는 캠핑여행,(서천)성북리오층석탑 
104,23,해송숲에서 즐기는 캠핑여행,(서천)월하성 어촌 체험 마을
105,23,해송숲에서 즐기는 캠핑여행,(서천)춘장대해수욕장
106,23,해송숲에서 즐기는 캠핑여행,(서천)홍원항
107,23,해송숲에서 즐기는 캠핑여행,(서천)희리산자연휴양림
108,24,외연도 상록수림에서 즐기는 힐링 여 행,(보령)대천항 
109,24,외연도 상록수림에서 즐기는 힐링 여 행,(보령)무창포 해수욕장
110,24,외연도 상록수림에서 즐기는 힐링 여 행,(보령)외연도
111,25,땅끝에서 즐기는 캠핑여행,(해남)달마산과 미황사
112,25,땅끝에서 즐기는 캠핑여행,(해남)대죽마을
113,25,땅끝에서 즐기는 캠핑여행,(해남)땅끝관광지/땅끝모노레일카
114,25,땅끝에서 즐기는 캠핑여행,(해남)해남윤씨 녹우당
115,26,마니산에서 즐기는 캠핑여행,(강화)마니산(참성단)
116,26,마니산에서 즐기는 캠핑여행,(강화)아르미애월드
117,26,마니산에서 즐기는 캠핑여행,(강화)전등사
118,26,마니산에서 즐기는 캠핑여행,(강화)함허동천 야영장
119,26,마니산에서 즐기는 캠핑여행,(인천)석모도
120,27,서해 최북단의 비경을 간직한 섬 - 백 령도,(백령도)백령도
121,27,서해 최북단의 비경을 간직한 섬 - 백 령도,(백령도)심청각
122,27,서해 최북단의 비경을 간직한 섬 - 백 령도,(백령도)연화마을
123,27,서해 최북단의 비경을 간직한 섬 - 백 령도,(백령도)콩돌해변
124,27,서해 최북단의 비경을 간직한 섬 - 백 령도,(백령도)해안절경 유람선
125,28,백암산 절경 아래서 즐기는 캠핑여행,(장성)가인야영장
126,28,백암산 절경 아래서 즐기는 캠핑여행,(장성)고불총림 백양사
127,28,백암산 절경 아래서 즐기는 캠핑여행,(장성)장성호관광지
128,28,백암산 절경 아래서 즐기는 캠핑여행,(장성)축령산휴양림
129,28,백암산 절경 아래서 즐기는 캠핑여행,(장성)필암서원
130,28,백암산 절경 아래서 즐기는 캠핑여행,(장성)홍길동생가
131,코스ID,코스명,관광지명
132,30,뱃길로 이어진 천사(1004)의 섬을 둘 러보다,(신안)도초 시목 해수욕장
133,30,뱃길로 이어진 천사(1004)의 섬을 둘 러보다,(신안)비금 해수욕장
134,30,뱃길로 이어진 천사(1004)의 섬을 둘 러보다,(신안)비금도 내촌마을 옛 담장
135,30,뱃길로 이어진 천사(1004)의 섬을 둘 러보다,(신안)비금도 대동염전
136,30,뱃길로 이어진 천사(1004)의 섬을 둘 러보다,(신안)서남문대교
137,30,뱃길로 이어진 천사(1004)의 섬을 둘 러보다,(신안)우이도 
138,30,뱃길로 이어진 천사(1004)의 섬을 둘 러보다,(신안)우이도 돈목 해수욕장
139,31,대나무 숲에서 즐기는 캠핑여행,(담양)가마골계곡
140,31,대나무 숲에서 즐기는 캠핑여행,(담양)관방제림 
141,31,대나무 숲에서 즐기는 캠핑여행,(담양)금성 산성
142,31,대나무 숲에서 즐기는 캠핑여행,(담양)대나무골 테마공원
143,31,대나무 숲에서 즐기는 캠핑여행,(담양)죽녹원
144,31,대나무 숲에서 즐기는 캠핑여행,(담양)죽향문화체험마을
145,32,백운산 숲에서 즐기는 치유의 캠핑여 행,(광양)백운산자연휴양림
146,32,백운산 숲에서 즐기는 치유의 캠핑여 행,(광양)섬진강 매화마을
147,32,백운산 숲에서 즐기는 치유의 캠핑여 행,(광양)옥룡사지(동백나무숲)
148,32,백운산 숲에서 즐기는 치유의 캠핑여 행,(광양)중흥사
149,33,방화동 가족휴가촌에 머물며 떠나는 장수 여행,(장수)논개사당
150,33,방화동 가족휴가촌에 머물며 떠나는 장수 여행,(장수)논개생가마을
151,33,방화동 가족휴가촌에 머물며 떠나는 장수 여행,(장수)방화동 가족휴가촌
152,33,방화동 가족휴가촌에 머물며 떠나는 장수 여행,(장수)장수향교
153,33,방화동 가족휴가촌에 머물며 떠나는 장수 여행,(장수)장안산군립공원 
154,33,방화동 가족휴가촌에 머물며 떠나는 장수 여행,(장수)하늘내들꽃마을
155,34,웅포캠핑장에서 즐기는 익산투어,(익산)두동교회 구본당
156,34,웅포캠핑장에서 즐기는 익산투어,(익산)성당포구마을
157,34,웅포캠핑장에서 즐기는 익산투어,(익산)숭림사
158,34,웅포캠핑장에서 즐기는 익산투어,(익산)웅포관광지캠핑장
159,34,웅포캠핑장에서 즐기는 익산투어,(익산)함라마을 옛 담장
160,35,청평호반과 유명산을 두루 즐기는 웰 빙여행,(가평)국립 유명산자연휴양림
161,35,청평호반과 유명산을 두루 즐기는 웰 빙여행,(가평)밤벌오토캠핑장
162,35,청평호반과 유명산을 두루 즐기는 웰 빙여행,(가평)어비계곡 
163,35,청평호반과 유명산을 두루 즐기는 웰 빙여행,(가평)청평호반
164,35,청평호반과 유명산을 두루 즐기는 웰 빙여행,(가평)호명호수공원
165,코스ID,코스명,관광지명
166,36,농촌체험마을과 캠핑을 동시에 즐기 다!,(가평)가평향교
167,36,농촌체험마을과 캠핑을 동시에 즐기 다!,(가평)산장관광지
168,36,농촌체험마을과 캠핑을 동시에 즐기 다!,(가평)자라섬
169,36,농촌체험마을과 캠핑을 동시에 즐기 다!,(가평)자라섬오토캠핑장
170,36,농촌체험마을과 캠핑을 동시에 즐기 다!,(가평)자연과별천문대
171,36,농촌체험마을과 캠핑을 동시에 즐기 다!,(가평)포도향이 흐르는 마을
172,37,아이들과 쉽고 즐겁게 떠나는 숲 여행,(횡성)국립 청태산자연휴양림
173,37,아이들과 쉽고 즐겁게 떠나는 숲 여행,(횡성)둔내자연휴양림
174,37,아이들과 쉽고 즐겁게 떠나는 숲 여행,(횡성)숲체원
175,37,아이들과 쉽고 즐겁게 떠나는 숲 여행,(횡성)안흥 찐빵마을
176,38,오감만족 평창 봉평 여행,(평창)로하스가든 와카푸카
177,38,오감만족 평창 봉평 여행,(평창)솔섬오토캠핑장
178,38,오감만족 평창 봉평 여행,(평창)이효석문화마을
179,38,오감만족 평창 봉평 여행,(평창)허브나라농원
180,38,오감만족 평창 봉평 여행,(평창)흥정계곡
181,39,산과 바다를 동시에 즐기는 캠핑여행,(울진)망양정
182,39,산과 바다를 동시에 즐기는 캠핑여행,(울진)백암온천
183,39,산과 바다를 동시에 즐기는 캠핑여행,(울진)불영사
184,39,산과 바다를 동시에 즐기는 캠핑여행,(울진)울진금강소나무림 
185,39,산과 바다를 동시에 즐기는 캠핑여행,(울진)월송정
186,39,산과 바다를 동시에 즐기는 캠핑여행,(울진)후포항
187,40,팔공산자락에서 즐기는 고즈넉한 캠핑 여행,(영천)거조암
188,40,팔공산자락에서 즐기는 고즈넉한 캠핑 여행,(영천)숭렬당
189,40,팔공산자락에서 즐기는 고즈넉한 캠핑 여행,(영천)은해사
190,40,팔공산자락에서 즐기는 고즈넉한 캠핑 여행,(영천)임고서원
191,40,팔공산자락에서 즐기는 고즈넉한 캠핑 여행,(영천)치산관광지캠핑장
192,41,백두대간 마구령과 고치령에서 즐기는 캠핑여행,(영주)고치령 
193,41,백두대간 마구령과 고치령에서 즐기는 캠핑여행,(영주)마구령
194,41,백두대간 마구령과 고치령에서 즐기는 캠핑여행,(영주)마락청소년야영장
195,41,백두대간 마구령과 고치령에서 즐기는 캠핑여행,(영주)부석사
196,41,백두대간 마구령과 고치령에서 즐기는 캠핑여행,(영주)성혈사
197,41,백두대간 마구령과 고치령에서 즐기는 캠핑여행,(영주)소수서원/선비촌
198,41,백두대간 마구령과 고치령에서 즐기는 캠핑여행,(영주)순흥 벽화 고분
199,코스ID,코스명,관광지명
200,42,지리산 자락에서 즐기는 캠핑여행,(함양)벽송사
201,42,지리산 자락에서 즐기는 캠핑여행,(함양)산머루마을
202,42,지리산 자락에서 즐기는 캠핑여행,(함양)상림공원
203,42,지리산 자락에서 즐기는 캠핑여행,(함양)서암정사
204,42,지리산 자락에서 즐기는 캠핑여행,(함양)오도재와 지리산조망공원
205,42,지리산 자락에서 즐기는 캠핑여행,(함양)지리산자연휴양림
206,43,바다와 타조 - 세계문화유산까지,(화성)공룡알화석지
207,43,바다와 타조 - 세계문화유산까지,(화성)용주사 
208,43,바다와 타조 - 세계문화유산까지,(화성)융릉과 건릉
209,43,바다와 타조 - 세계문화유산까지,(화성)제부도
210,43,바다와 타조 - 세계문화유산까지,(화성)해솔마을캠핑장
211,44,포천의 명물과 함께하는 캠핑여행,(포천)산사원 
212,44,포천의 명물과 함께하는 캠핑여행,(포천)산정호수
213,44,포천의 명물과 함께하는 캠핑여행,(포천)캠핑라운지
214,44,포천의 명물과 함께하는 캠핑여행,(포천)평강식물원
215,44,포천의 명물과 함께하는 캠핑여행,(포천)한가원
216,45,퇴계와 율곡 선생과 만나 캠핑을 즐기 다,(파주)반구정/황희선생영당
217,45,퇴계와 율곡 선생과 만나 캠핑을 즐기 다,(파주)오두산통일전망대
218,45,퇴계와 율곡 선생과 만나 캠핑을 즐기 다,(파주)율곡선생유적지
219,45,퇴계와 율곡 선생과 만나 캠핑을 즐기 다,(파주)임진각관광지 
220,45,퇴계와 율곡 선생과 만나 캠핑을 즐기 다,(파주)헤이리예술마을
221,45,퇴계와 율곡 선생과 만나 캠핑을 즐기 다,(파주)홀리데이파크 캠핑
222,45,퇴계와 율곡 선생과 만나 캠핑을 즐기 다,(파주)화석정
223,46,파주의 문화 유산과 함께하는 캠핑 문 화,(파주)마장저수지(반디캠프)
224,46,파주의 문화 유산과 함께하는 캠핑 문 화,(파주)벽초지수목원 
225,46,파주의 문화 유산과 함께하는 캠핑 문 화,(파주)보광사
226,46,파주의 문화 유산과 함께하는 캠핑 문 화,(파주)용미리석불입상
227,46,파주의 문화 유산과 함께하는 캠핑 문 화,(파주)파주삼릉
228,47,지리산 속에서 아름다운 밤하늘을 바 라보다,(남원)달궁오토캠핑장
229,47,지리산 속에서 아름다운 밤하늘을 바 라보다,(남원)백장암(삼층석탑)
230,47,지리산 속에서 아름다운 밤하늘을 바 라보다,(남원)실상사
231,47,지리산 속에서 아름다운 밤하늘을 바 라보다,(남원)정령치 
232,48,벽계계곡에서 즐기는 캠핑여행,(의령)벽계관광지
233,48,벽계계곡에서 즐기는 캠핑여행,(의령)정암루
234,48,벽계계곡에서 즐기는 캠핑여행,(의령)충익사 
235,48,벽계계곡에서 즐기는 캠핑여행,(의령)한우산
236,코스ID,코스명,관광지명
237,49,남해바다 바라보며 즐기는 캠핑여행,(고성)당항포관광지
238,49,남해바다 바라보며 즐기는 캠핑여행,(고성)문수암
239,49,남해바다 바라보며 즐기는 캠핑여행,(고성)상족암군립공원
240,50,한라산 품 안에서 보내는 하룻밤,(서귀포)서귀포자연휴양림
241,50,한라산 품 안에서 보내는 하룻밤,(제주)어승생악
242,50,한라산 품 안에서 보내는 하룻밤,(제주)천왕사
243,50,한라산 품 안에서 보내는 하룻밤,(제주)한라수목원
244,51,금빛 원숭이가 뛰놀던 산을 오르다,(거창)금원산
245,51,금빛 원숭이가 뛰놀던 산을 오르다,(거창)금원산자연휴양림
246,52,자유여행코스 - 홍대,(서울)KT&G 상상마당
247,52,자유여행코스 - 홍대,(서울)공연장
248,52,자유여행코스 - 홍대,(서울)트릭아이미술관
249,52,자유여행코스 - 홍대,(서울)홍대벽화거리&포시즌하우스
250,53,자유여행코스 - 여의도,(서울)63시티
251,53,자유여행코스 - 여의도,(서울)IFC 몰
252,53,자유여행코스 - 여의도,(서울)KBS온(견학홀)
253,53,자유여행코스 - 여의도,(서울)여의도 공원
254,54,자유여행코스 - 상암DMC,(서울)DMC홍보관
255,54,자유여행코스 - 상암DMC,(서울)디지털파빌리온
256,54,자유여행코스 - 상암DMC,(서울)월드컵공원
257,54,자유여행코스 - 상암DMC,(서울)한국영화박물관
258,55,자유여행코스 - 명동·인사동,(서울)남대문시장
259,55,자유여행코스 - 명동·인사동,(서울)명동거리
260,55,자유여행코스 - 명동·인사동,(서울)인사동 전통시장
261,55,자유여행코스 - 명동·인사동,(서울)종로보석상가
262,56,자유여행코스 - 남산,(서울)남산 & N서울타워
263,56,자유여행코스 - 남산,(서울)남산골한옥마을
264,56,자유여행코스 - 남산,(서울)남산야외식물원
265,56,자유여행코스 - 남산,(서울)안중근기념관
266,57,자유여행코스 - 강남·잠실,(서울)롯데월드
267,57,자유여행코스 - 강남·잠실,(서울)압구정 로데오거리
268,57,자유여행코스 - 강남·잠실,(서울)코엑스몰
269,58,자유여행코스 - 한강,(서울)광진교 8번가
270,58,자유여행코스 - 한강,(서울)뚝섬 전망문화콤플렉스
271,58,자유여행코스 - 한강,(서울)반포대교 세빛둥둥섬 & 달빛분수
272,58,자유여행코스 - 한강,(서울)한강(여의도)
273,코스ID,코스명,관광지명
274,59,남산의 문화예술,(서울)국립극장
275,59,남산의 문화예술,(서울)문학의집&이희승기념시비
276,59,남산의 문화예술,(서울)소월길
277,59,남산의 문화예술,(서울)한국현대문학관
278,60,예술 - 낙산에서 꽃피다,(서울)답십리고미술상가
279,60,예술 - 낙산에서 꽃피다,(서울)박수근 집&작업실
280,60,예술 - 낙산에서 꽃피다,(서울)아리랑고개
281,60,예술 - 낙산에서 꽃피다,(서울)창신동 백남준생가 터
282,61,서울도심 - 예술이 빛나다,(서울)덕수궁미술관
283,61,서울도심 - 예술이 빛나다,(서울)새문길 박물관거리
284,61,서울도심 - 예술이 빛나다,(서울)서울시립미술관
285,61,서울도심 - 예술이 빛나다,(서울)정동길
286,61,서울도심 - 예술이 빛나다,(서울)홍난파 가옥
287,62,백남준 예술세계,(과천)국립현대미술관 과천관
288,62,백남준 예술세계,(서울)소마미술관
289,62,백남준 예술세계,(서울)예술의 전당 & 한가람미술관
290,63,예술거리를 거닐다,(서울)국립현대미술관 서울관
291,63,예술거리를 거닐다,(서울)대한민국역사박물관
292,63,예술거리를 거닐다,(서울)삼청동 갤러리 거리
293,63,예술거리를 거닐다,(서울)세종문화회관
294,64,최고의 소장품 투어,(서울)국립중앙박물관
295,64,최고의 소장품 투어,(서울)문화역 서울284
296,64,최고의 소장품 투어,(서울)삼성미술관 리움
297,64,최고의 소장품 투어,(서울)삼성미술관 플라토
298,65,조선예술촌의 부활,(서울)대림미술관
299,65,조선예술촌의 부활,(서울)박노수미술관
300,65,조선예술촌의 부활,(서울)석파정 & 서울미술관
301,65,조선예술촌의 부활,(서울)세종대왕 나신 곳
302,65,조선예술촌의 부활,(서울)윤동주 시인의 언덕
303,65,조선예술촌의 부활,(서울)이상 집터
304,65,조선예술촌의 부활,(서울)환기미술관
305,66,첨단거리 - 강남,(서울)강남역 지하쇼핑센터
306,66,첨단거리 - 강남,(서울)미디어폴
307,66,첨단거리 - 강남,(서울)삼성딜라이트
308,66,첨단거리 - 강남,(서울)신사동 가로수길
309,코스ID,코스명,관광지명
310,67,금융 - 과학 체험,(서울)국립서울과학관
311,67,금융 - 과학 체험,(서울)여의도 금융마루&증권거래소
312,67,금융 - 과학 체험,(서울)한전아트센터 내 전기박물관
313,68,IT 기술의 현장,(서울)KT올레스퀘어
314,68,IT 기술의 현장,(서울)T.um(티움/SK텔레콤 체험관)
315,68,IT 기술의 현장,(서울)용산전자상가
316,69,성지순례길 1,(서울)가회동 성당
317,69,성지순례길 1,(서울)김범우의 집 터
318,69,성지순례길 1,(서울)명동 대성당
319,69,성지순례길 1,(서울)북촌한옥마을 석정보름우물
320,69,성지순례길 1,(서울)이벽의 집 터(수표교)
321,69,성지순례길 1,(서울)종로성당
322,69,성지순례길 1,(서울)좌포도청 터
323,69,성지순례길 1,(서울)혜화동 카톨릭대학교 성신교정
324,70,성지순례길 2,(서울)가회동 성당
325,70,성지순례길 2,(서울)경기감영 터
326,70,성지순례길 2,(서울)서소문 밖 네거리 순교성지
327,70,성지순례길 2,(서울)우포도청 터
328,70,성지순례길 2,(서울)중림동 약현성당
329,70,성지순례길 2,(서울)형조 터
330,71,성지순례길 3,(서울)당고개 순교성지
331,71,성지순례길 3,(서울)새남터 순교성지
332,71,성지순례길 3,(서울)왜고개 성지
333,71,성지순례길 3,(서울)절두산 순교성지
334,71,성지순례길 3,(서울)중림동 약현성당
335,72,구로구 노동의 길,(서울)구로공단 장터길
336,72,구로구 노동의 길,(서울)산업화와 노동자의 길
337,72,구로구 노동의 길,(서울)작가들이 사랑한 구로공단길
338,73,북한산둘레길 21구간 우이령길,(서울)대전차 장애물
339,73,북한산둘레길 21구간 우이령길,(서울)우이 우이령길 입구
340,73,북한산둘레길 21구간 우이령길,(양주)교현 우이령길 입구
341,73,북한산둘레길 21구간 우이령길,(양주)교현탐방지원센터
342,73,북한산둘레길 21구간 우이령길,(양주)석굴암
343,73,북한산둘레길 21구간 우이령길,(양주)오봉산 전망대
344,코스ID,코스명,관광지명
345,74,전통사찰 둘러보고 시간여행도 즐기고,(서울)봉원사
346,74,전통사찰 둘러보고 시간여행도 즐기고,(서울)봉은사
347,74,전통사찰 둘러보고 시간여행도 즐기고,(서울)승가사
348,74,전통사찰 둘러보고 시간여행도 즐기고,(서울)영화사
349,74,전통사찰 둘러보고 시간여행도 즐기고,(서울)조계사
350,75,서울에서 꽃피운 고대왕국 한성백제,(서울)몽촌토성
351,75,서울에서 꽃피운 고대왕국 한성백제,(서울)미래마을/풍납토성
352,75,서울에서 꽃피운 고대왕국 한성백제,(서울)천호역
353,75,서울에서 꽃피운 고대왕국 한성백제,(서울)칠지도 상징물
354,75,서울에서 꽃피운 고대왕국 한성백제,(서울)한성백제박물관
355,76,이야기로 걷는 동대문,(서울)광장시장
356,76,이야기로 걷는 동대문,(서울)동대문 실크로드 이정표
357,76,이야기로 걷는 동대문,(서울)동대문디자인플라자
358,76,이야기로 걷는 동대문,(서울)동대문역사문화공원
359,76,이야기로 걷는 동대문,(서울)방산시장
360,76,이야기로 걷는 동대문,(서울)평화시장 벽화
361,76,이야기로 걷는 동대문,(서울)훈련원 공원
362,76,이야기로 걷는 동대문,(서울)흥인지문
363,77,남산성곽,(서울)N서울타워
364,77,남산성곽,(서울)국립극장
365,77,남산성곽,(서울)봉수대
366,77,남산성곽,(서울)서울 한양도성
367,77,남산성곽,(서울)안중근의사기념관
368,77,남산성곽,(서울)장충단공원(수표교)
369,78,북촌한옥마을,(서울)가회동 11번지 한옥촌
370,78,북촌한옥마을,(서울)가회동 31번지 한옥촌
371,78,북촌한옥마을,(서울)가회민화박물관
372,78,북촌한옥마을,(서울)북촌문화센터
373,78,북촌한옥마을,(서울)북촌생활사박물관
374,78,북촌한옥마을,(서울)한상수자수공방
375,79,상쾌한 바람과 함께하는 태백-강릉 코 스,(영월)장릉
376,79,상쾌한 바람과 함께하는 태백-강릉 코 스,(정선)강원랜드 카지노 체험
377,79,상쾌한 바람과 함께하는 태백-강릉 코 스,(정선)민둥산
378,79,상쾌한 바람과 함께하는 태백-강릉 코 스,(태백)태백산
379,코스ID,코스명,관광지명
380,80,바다를 따라가는 삼색 관광 코스,(강릉)경포대
381,80,바다를 따라가는 삼색 관광 코스,(강릉)오죽헌 
382,80,바다를 따라가는 삼색 관광 코스,(강릉)한과 체험 전시관
383,80,바다를 따라가는 삼색 관광 코스,(양양)낙산사
384,80,바다를 따라가는 삼색 관광 코스,(양양)물치항회센터
385,80,바다를 따라가는 삼색 관광 코스,(양양)휴휴암 
386,81,이색 체험으로 가득한 영월 코스,(영월)당나귀 타는 원시마을
387,81,이색 체험으로 가득한 영월 코스,(원주)용소막성당
388,81,이색 체험으로 가득한 영월 코스,(태백)태백산
389,82,평화의 댐 힐링 코스,(가평)남이섬
390,82,평화의 댐 힐링 코스,(영월)별마로천문대
391,82,평화의 댐 힐링 코스,(춘천)강촌유원지
392,82,평화의 댐 힐링 코스,(춘천)문배마을
393,82,평화의 댐 힐링 코스,(화천)감성마을
394,82,평화의 댐 힐링 코스,(화천)연꽃단지
395,82,평화의 댐 힐링 코스,(화천)평화의 댐
396,83,정선 아리랑 고개 코스,(정선)병방치스카이워크
397,83,정선 아리랑 고개 코스,(정선)아라리촌
398,83,정선 아리랑 고개 코스,(정선)아리랑학교 
399,83,정선 아리랑 고개 코스,(정선)아우라지
400,83,정선 아리랑 고개 코스,(정선)정선5일장
401,83,정선 아리랑 고개 코스,(정선)타임캡슐공원
402,83,정선 아리랑 고개 코스,(정선)화암동굴
403,84,백제의 향기를 찾아 떠나는 가족여행,(공주)공산성
404,84,백제의 향기를 찾아 떠나는 가족여행,(공주)금강신관공원
405,84,백제의 향기를 찾아 떠나는 가족여행,(공주)무령왕릉
406,84,백제의 향기를 찾아 떠나는 가족여행,(공주)밤토랑 마을
407,84,백제의 향기를 찾아 떠나는 가족여행,(부여)궁남지
408,84,백제의 향기를 찾아 떠나는 가족여행,(부여)낙화암/고란사
409,84,백제의 향기를 찾아 떠나는 가족여행,(부여)백제문화단지
410,84,백제의 향기를 찾아 떠나는 가족여행,(부여)부소산성
411,85,생명의 뿌리/인삼을 찾아라!,(금산)금강생태과학체험장
412,85,생명의 뿌리/인삼을 찾아라!,(금산)금산인삼관
413,85,생명의 뿌리/인삼을 찾아라!,(금산)보석사 
414,85,생명의 뿌리/인삼을 찾아라!,(금산)인삼약초시장
415,85,생명의 뿌리/인삼을 찾아라!,(금산)칠백의총
416,코스ID,코스명,관광지명
417,86,프란치스코 교황의 발자취를 따라서,(당진)솔뫼성지
418,86,프란치스코 교황의 발자취를 따라서,(서산)아라메길(2구간)
419,86,프란치스코 교황의 발자취를 따라서,(서산)정순왕후생가
420,86,프란치스코 교황의 발자취를 따라서,(서산)해미순교성지
421,86,프란치스코 교황의 발자취를 따라서,(서산)해미읍성 
422,86,프란치스코 교황의 발자취를 따라서,(아산)공세리성당
423,87,자녀와 함께 떠나는 천문기행,(서천)국립생태원
424,87,자녀와 함께 떠나는 천문기행,(서천)국립해양생물자원관
425,87,자녀와 함께 떠나는 천문기행,(서천)동백정(동백나무숲)
426,87,자녀와 함께 떠나는 천문기행,(서천)송림산림욕장
427,87,자녀와 함께 떠나는 천문기행,(서천)조류생태전시관
428,87,자녀와 함께 떠나는 천문기행,(서천)홍원항
429,87,자녀와 함께 떠나는 천문기행,(청양)고운식물원
430,87,자녀와 함께 떠나는 천문기행,(청양)장곡사 
431,87,자녀와 함께 떠나는 천문기행,(청양)장승공원
432,87,자녀와 함께 떠나는 천문기행,(청양)칠갑산오토캠핑장 
433,87,자녀와 함께 떠나는 천문기행,(청양)칠갑산천문대
434,88,웃음 꽃 피우며 역사문화 탐방,(아산)도고온천 
435,88,웃음 꽃 피우며 역사문화 탐방,(아산)레일바이크/코미디홀
436,88,웃음 꽃 피우며 역사문화 탐방,(아산)맹사성고택
437,88,웃음 꽃 피우며 역사문화 탐방,(아산)봉곡사
438,88,웃음 꽃 피우며 역사문화 탐방,(아산)세계 꽃 식물원
439,88,웃음 꽃 피우며 역사문화 탐방,(아산)온양민속박물관 
440,88,웃음 꽃 피우며 역사문화 탐방,(아산)온양온천
441,88,웃음 꽃 피우며 역사문화 탐방,(아산)옹기 및 발효음식 전시체험관
442,88,웃음 꽃 피우며 역사문화 탐방,(아산)외암민속마을
443,88,웃음 꽃 피우며 역사문화 탐방,(아산)현충사
444,88,웃음 꽃 피우며 역사문화 탐방,(아산)환경과학공원
445,89,가족과 함께 떠나는 여행,(서산)간월암
446,89,가족과 함께 떠나는 여행,(서산)개심사
447,89,가족과 함께 떠나는 여행,(서산)나비아이
448,89,가족과 함께 떠나는 여행,(서산)버드랜드
449,89,가족과 함께 떠나는 여행,(서산)용현리 마애여래삼존상
450,89,가족과 함께 떠나는 여행,(서산)해미읍성
451,코스ID,코스명,관광지명
452,90,가족과 함께 건강을 찾아 떠나는 힐링 여행,(금산)개삼터공원
453,90,가족과 함께 건강을 찾아 떠나는 힐링 여행,(금산)금강생태과학체험장 금강솔바람길
454,90,가족과 함께 건강을 찾아 떠나는 힐링 여행,(금산)금산인삼축제
455,90,가족과 함께 건강을 찾아 떠나는 힐링 여행,(금산)보석사
456,90,가족과 함께 건강을 찾아 떠나는 힐링 여행,(금산)산림문화타운 생태숲
457,90,가족과 함께 건강을 찾아 떠나는 힐링 여행,(금산)십이폭포
458,90,가족과 함께 건강을 찾아 떠나는 힐링 여행,(금산)어죽마을
459,90,가족과 함께 건강을 찾아 떠나는 힐링 여행,(금산)인삼약초시장
460,90,가족과 함께 건강을 찾아 떠나는 힐링 여행,(금산)지구촌민속박물관
461,90,가족과 함께 건강을 찾아 떠나는 힐링 여행,(금산)칠백의총
462,91,맛보다 서천,(서천)동백정
463,91,맛보다 서천,(서천)송림산림욕장
464,91,맛보다 서천,(서천)조류생태전시관
465,91,맛보다 서천,(서천)홍원항
466,92,가족과 함께 찾아가는 칠갑산천문대,(청양)고운식물원
467,92,가족과 함께 찾아가는 칠갑산천문대,(청양)장곡사
468,92,가족과 함께 찾아가는 칠갑산천문대,(청양)장승공원
469,92,가족과 함께 찾아가는 칠갑산천문대,(청양)칠갑산오토캠핑장
470,92,가족과 함께 찾아가는 칠갑산천문대,(청양)칠갑산천문대
471,93,아빠와 함께하는 힐링 여행,(예산)덕산온천
472,93,아빠와 함께하는 힐링 여행,(예산)봉수산 자연휴양림
473,93,아빠와 함께하는 힐링 여행,(예산)슬로시티 대흥
474,93,아빠와 함께하는 힐링 여행,(예산)예당관광지
475,94,동학 역사여행 테마 1,(완주)삼례문화촌(삼삼예예미미)
476,94,동학 역사여행 테마 1,(완주)삼례봉기역사광장 
477,94,동학 역사여행 테마 1,(전주)초록바위 
478,94,동학 역사여행 테마 1,(전주)풍남문/한옥마을/buy전라북도상품관
479,94,동학 역사여행 테마 1,(정읍)동학농민혁명기념관/황토현전적지
480,94,동학 역사여행 테마 1,(정읍)만석보
481,94,동학 역사여행 테마 1,(정읍)말목장터와감나무 
482,94,동학 역사여행 테마 1,(정읍)유애사유허비
483,94,동학 역사여행 테마 1,(정읍)전봉준장군 고택
484,코스ID,코스명,관광지명
485,95,동학 역사여행 테마 2,(고창)병바위/책바위
486,95,동학 역사여행 테마 2,(고창)선운사 도솔암 마애불
487,95,동학 역사여행 테마 2,(고창)전봉준장군 생가터
488,95,동학 역사여행 테마 2,(순창)강천산
489,95,동학 역사여행 테마 2,(순창)전봉준장군 피체지
490,95,동학 역사여행 테마 2,(임실)임실치즈체험센터
491,95,동학 역사여행 테마 2,(전주)한옥마을/경기전/전주동학혁명기념관
492,95,동학 역사여행 테마 2,(정읍)만석보
493,96,동학 역사여행 테마 3,(고창)선운사 도솔암  마애불/병바위/책바위
494,96,동학 역사여행 테마 3,(고창)전봉준장군 생가터
495,96,동학 역사여행 테마 3,(부안)백산성
496,96,동학 역사여행 테마 3,(완주)삼례봉기 역사광장
497,96,동학 역사여행 테마 3,(전주)경기전
498,96,동학 역사여행 테마 3,(전주)덕진공원
499,96,동학 역사여행 테마 3,(전주)초록 바위
500,96,동학 역사여행 테마 3,(전주)풍남문
501,96,동학 역사여행 테마 3,(정읍)동학농민혁명기념관/황토현전적지
502,96,동학 역사여행 테마 3,(정읍)만석보
503,96,동학 역사여행 테마 3,(정읍)전봉준장군 고택
504,97,동학 역사여행 테마 4,(고창)선운사 도솔암  마애불/병바위/책바위
505,97,동학 역사여행 테마 4,(고창)전봉준장군 생가터
506,97,동학 역사여행 테마 4,(순창)강천산 
507,97,동학 역사여행 테마 4,(순창)전봉준장군 피체지
508,97,동학 역사여행 테마 4,(완주)삼례문화촌(삼삼예예미미)
509,97,동학 역사여행 테마 4,(완주)삼례봉기 역사광장
510,97,동학 역사여행 테마 4,(전주)경기전
511,97,동학 역사여행 테마 4,(전주)덕진공원
512,97,동학 역사여행 테마 4,(전주)초록바위
513,97,동학 역사여행 테마 4,(전주)풍남문/buy전라북도상품관
514,97,동학 역사여행 테마 4,(전주)한옥마을 
515,97,동학 역사여행 테마 4,(정읍)동학농민혁명기념관/황토현전적지
516,97,동학 역사여행 테마 4,(정읍)만석보
517,97,동학 역사여행 테마 4,(정읍)전봉준장군 고택
518,97,동학 역사여행 테마 4,(정읍)충열사 
519,코스ID,코스명,관광지명
520,98,진안에서 전주까지 즐기기,(전주)조경단
521,98,진안에서 전주까지 즐기기,(전주)한옥마을
522,98,진안에서 전주까지 즐기기,(전주)한지박물관
523,98,진안에서 전주까지 즐기기,(진안)마이산
524,98,진안에서 전주까지 즐기기,(진안)창작공예공방체험 
525,99,전주에서 진안으로 즐기기,(전주)한옥마을
526,99,전주에서 진안으로 즐기기,(전주)한지박물관
527,99,전주에서 진안으로 즐기기,(진안)마이산
528,99,전주에서 진안으로 즐기기,(진안)창작공예공방
529,99,전주에서 진안으로 즐기기,(진안)홍삼스파
530,100,순창/임실/남원/전주 알찬여행,(남원)국악의 성지
531,100,순창/임실/남원/전주 알찬여행,(남원)황산대첩비지
532,100,순창/임실/남원/전주 알찬여행,(순창)만일사
533,100,순창/임실/남원/전주 알찬여행,(임실)사선대
534,100,순창/임실/남원/전주 알찬여행,(임실)상이암
535,100,순창/임실/남원/전주 알찬여행,(임실)성수산 휴양림
536,100,순창/임실/남원/전주 알찬여행,(전주)한옥마을
537,101,진안/남원/순창/전주 알찬여행,(남원)국악의 성지
538,101,진안/남원/순창/전주 알찬여행,(남원)황산대첩비지
539,101,진안/남원/순창/전주 알찬여행,(순창)만일사
540,101,진안/남원/순창/전주 알찬여행,(전주)한옥마을
541,101,진안/남원/순창/전주 알찬여행,(진안)마이산
542,102,전주/순창/남원/진안 알찬여행,(남원)황산대첩비지
543,102,전주/순창/남원/진안 알찬여행,(순창)만일사
544,102,전주/순창/남원/진안 알찬여행,(임실)상이암 
545,102,전주/순창/남원/진안 알찬여행,(전주)한옥마을
546,102,전주/순창/남원/진안 알찬여행,(전주)한지박물관
547,102,전주/순창/남원/진안 알찬여행,(진안)마이산
548,코스ID,코스명,관광지명
549,103,남원에서 태조별 찾아보기,(남원)국악의 성지
550,103,남원에서 태조별 찾아보기,(남원)항공우주천문대
551,103,남원에서 태조별 찾아보기,(남원)황산대첩비지
552,103,남원에서 태조별 찾아보기,(순창)만일사
553,103,남원에서 태조별 찾아보기,(임실)상이암
554,103,남원에서 태조별 찾아보기,(임실)성수산 휴양림
555,103,남원에서 태조별 찾아보기,(임실)임실치즈테마파크
556,103,남원에서 태조별 찾아보기,(전주)한옥마을
557,103,남원에서 태조별 찾아보기,(전주)한지박물관
558,103,남원에서 태조별 찾아보기,(진안)마이산 탐방
559,103,남원에서 태조별 찾아보기,(진안)창작공예공방
560,104,태조의 꿈길따라 체험코스,(남원)황산대첩비지
561,104,태조의 꿈길따라 체험코스,(순창)만일사
562,104,태조의 꿈길따라 체험코스,(임실)상이암
563,104,태조의 꿈길따라 체험코스,(임실)성수산 휴양림
564,104,태조의 꿈길따라 체험코스,(임실)치즈테마파크
565,104,태조의 꿈길따라 체험코스,(전주)한옥마을
566,104,태조의 꿈길따라 체험코스,(진안)마이산
567,104,태조의 꿈길따라 체험코스,(진안)홍삼스파
568,105,철과 선박 해양과의 만남,(곡성)섬진강(증기기관차/레일바이크)
569,105,철과 선박 해양과의 만남,(광양)광양제철소
570,105,철과 선박 해양과의 만남,(광양)광양항(홍보관)
571,105,철과 선박 해양과의 만남,(여수)2012여수세계박람회장(홍보관)
572,105,철과 선박 해양과의 만남,(여수)선소
573,105,철과 선박 해양과의 만남,(여수)진남관
574,106,남도 해안길 생활문화 탐방,(목포)자연사박물관/국립해양유물전시관
575,106,남도 해안길 생활문화 탐방,(신안)갯벌생태전시관
576,106,남도 해안길 생활문화 탐방,(신안)증도 소금박물관
577,106,남도 해안길 생활문화 탐방,(영암)F1경기장
578,106,남도 해안길 생활문화 탐방,(영암)전라남도 농업박물관
579,코스ID,코스명,관광지명
580,107,과거에서 미래우주까지,(고흥)국립청소년우주체험센터
581,107,과거에서 미래우주까지,(고흥)소록도
582,107,과거에서 미래우주까지,(고흥)우주과학관/나로우주센터
583,107,과거에서 미래우주까지,(고흥)우주천문과학관
584,107,과거에서 미래우주까지,(순천)드라마세트장
585,107,과거에서 미래우주까지,(순천)순천낙안읍성민속마을
586,107,과거에서 미래우주까지,(순천)순천만자연생태공원
587,108,한반도 땅끝에서 시작하는 역사/문화 체험,(강진)다산초당
588,108,한반도 땅끝에서 시작하는 역사/문화 체험,(강진)영랑생가
589,108,한반도 땅끝에서 시작하는 역사/문화 체험,(목포)자연사박물관/국립해양유물전시관
590,108,한반도 땅끝에서 시작하는 역사/문화 체험,(영암)F1경주장
591,108,한반도 땅끝에서 시작하는 역사/문화 체험,(영암)전라남도 농업박물관
592,108,한반도 땅끝에서 시작하는 역사/문화 체험,(완도)불목리(드라마세트장)
593,108,한반도 땅끝에서 시작하는 역사/문화 체험,(완도)소세포(드라마세트장)
594,108,한반도 땅끝에서 시작하는 역사/문화 체험,(완도)청해진유적
595,108,한반도 땅끝에서 시작하는 역사/문화 체험,(해남)두륜산케이블카
596,108,한반도 땅끝에서 시작하는 역사/문화 체험,(해남)땅끝전망대
597,108,한반도 땅끝에서 시작하는 역사/문화 체험,(해남)우항리공룡화석지 
598,109,고대와 현대가 공존하는 역사 탐방,(강진)고려청자도요지
599,109,고대와 현대가 공존하는 역사 탐방,(보성)보성다원
600,109,고대와 현대가 공존하는 역사 탐방,(보성)서재필기념공원
601,109,고대와 현대가 공존하는 역사 탐방,(보성)한국차소리문화공원
602,109,고대와 현대가 공존하는 역사 탐방,(영암)구림전통마을
603,109,고대와 현대가 공존하는 역사 탐방,(영암)마한문화공원
604,109,고대와 현대가 공존하는 역사 탐방,(영암)왕인박사유적지
605,109,고대와 현대가 공존하는 역사 탐방,(장흥)정남진천문과학관
606,109,고대와 현대가 공존하는 역사 탐방,(화순)고인돌군
607,109,고대와 현대가 공존하는 역사 탐방,(화순)운주사
608,코스ID,코스명,관광지명
609,110,산길따라 철길따라 만나보는 자연생태 체험,(곡성)섬진강기차마을
610,110,산길따라 철길따라 만나보는 자연생태 체험,(구례)노고단(성삼재)
611,110,산길따라 철길따라 만나보는 자연생태 체험,(구례)화엄사
612,110,산길따라 철길따라 만나보는 자연생태 체험,(순천)낙안읍성민속마을
613,110,산길따라 철길따라 만나보는 자연생태 체험,(순천)송광사
614,110,산길따라 철길따라 만나보는 자연생태 체험,(순천)순천만자연생태공원
615,110,산길따라 철길따라 만나보는 자연생태 체험,(여수)2012여수세계박람회장(홍보관)
616,110,산길따라 철길따라 만나보는 자연생태 체험,(여수)선소
617,110,산길따라 철길따라 만나보는 자연생태 체험,(여수)오동도
618,110,산길따라 철길따라 만나보는 자연생태 체험,(여수)진남관
619,111,바람과 구름이 머무는 계곡 따라,(청송)백석탄
620,111,바람과 구름이 머무는 계곡 따라,(청송)신성계곡
621,111,바람과 구름이 머무는 계곡 따라,(청송)얼음골
622,111,바람과 구름이 머무는 계곡 따라,(청송)자연휴양림
623,111,바람과 구름이 머무는 계곡 따라,(청송)절골
624,111,바람과 구름이 머무는 계곡 따라,(청송)주산지
625,111,바람과 구름이 머무는 계곡 따라,(청송)주왕산국립공원
626,112,예천군 추천 여행 코스,(예천)곤충생태체험관
627,112,예천군 추천 여행 코스,(예천)예천온천
628,112,예천군 추천 여행 코스,(예천)진호국제양궁장
629,112,예천군 추천 여행 코스,(예천)천문과학문화센터
630,112,예천군 추천 여행 코스,(예천)학가산우래자연휴양림
631,112,예천군 추천 여행 코스,(예천)회룡포
632,112,예천군 추천 여행 코스,(예천)효자 도시복 생가
633,113,문화재 따라,(경주)대릉원(천마총) 가는길
634,113,문화재 따라,(경주)보문관광단지
635,113,문화재 따라,(경주)불국사
636,113,문화재 따라,(경주)석굴암
637,113,문화재 따라,(경주)석빙고
638,113,문화재 따라,(경주)안압지
639,113,문화재 따라,(경주)첨성대
640,114,국토의 막내 - 민족의 혼 독도 여행,(울릉)도동항
641,114,국토의 막내 - 민족의 혼 독도 여행,(울릉)독도관광
642,114,국토의 막내 - 민족의 혼 독도 여행,(울릉)독도박물관(약수공원)
643,114,국토의 막내 - 민족의 혼 독도 여행,(울릉)독도전망대케이블카
644,코스ID,코스명,관광지명
645,115,신비의 섬 울릉도 해상 일주여행,(울릉)내수전일출전망대
646,115,신비의 섬 울릉도 해상 일주여행,(울릉)도동항
647,115,신비의 섬 울릉도 해상 일주여행,(울릉)봉래폭포
648,115,신비의 섬 울릉도 해상 일주여행,(울릉)행남해안산책로
649,116,동해안의 명산 성인봉과 그안의 나리 분지,(울릉)도동항
650,116,동해안의 명산 성인봉과 그안의 나리 분지,(울릉)성인봉(나리분지) 
651,116,동해안의 명산 성인봉과 그안의 나리 분지,(울릉)죽도관광
652,117,수달이 사는 청정하천 - 왕피천 여행,(울진)백암산
653,117,수달이 사는 청정하천 - 왕피천 여행,(울진)백암온천 
654,117,수달이 사는 청정하천 - 왕피천 여행,(울진)성류굴 
655,117,수달이 사는 청정하천 - 왕피천 여행,(울진)왕피천엑스포공원
656,117,수달이 사는 청정하천 - 왕피천 여행,(울진)월송정
657,118,금강솔숲의 온천여행,(울진)금강송 군락지
658,118,금강솔숲의 온천여행,(울진)덕구계곡·덕구온천
659,118,금강솔숲의 온천여행,(울진)망양정
660,118,금강솔숲의 온천여행,(울진)민물고기 생태체험관
661,118,금강솔숲의 온천여행,(울진)불영사·불영사계곡
662,119,오십천 은어와 강구항 대게 맛여행,(영덕)강구항
663,119,오십천 은어와 강구항 대게 맛여행,(영덕)경보화석박물관
664,119,오십천 은어와 강구항 대게 맛여행,(영덕)부경온천
665,119,오십천 은어와 강구항 대게 맛여행,(영덕)오십천
666,119,오십천 은어와 강구항 대게 맛여행,(영덕)팔각산
667,120,동해안 드라이브와 어촌의 아침,(영덕)강구항
668,120,동해안 드라이브와 어촌의 아침,(영덕)고래불해수욕장
669,120,동해안 드라이브와 어촌의 아침,(영덕)괴시리전통마을
670,120,동해안 드라이브와 어촌의 아침,(영덕)삼사해상공원
671,120,동해안 드라이브와 어촌의 아침,(영덕)신돌석장군유적지
672,120,동해안 드라이브와 어촌의 아침,(영덕)인량리전통마을 
673,120,동해안 드라이브와 어촌의 아침,(영덕)풍력발전단지
674,120,동해안 드라이브와 어촌의 아침,(영덕)해맞이공원
675,코스ID,코스명,관광지명
676,121,부처님의 나라 - 경주 남산기행,(경주)금오산
677,121,부처님의 나라 - 경주 남산기행,(경주)금오정
678,121,부처님의 나라 - 경주 남산기행,(경주)마애삼존불
679,121,부처님의 나라 - 경주 남산기행,(경주)보리사
680,121,부처님의 나라 - 경주 남산기행,(경주)부처골감실여래좌상
681,121,부처님의 나라 - 경주 남산기행,(경주)삼릉
682,121,부처님의 나라 - 경주 남산기행,(경주)상선암
683,121,부처님의 나라 - 경주 남산기행,(경주)옥룡암
684,121,부처님의 나라 - 경주 남산기행,(경주)장창지
685,121,부처님의 나라 - 경주 남산기행,(경주)포석정
686,122,과학으로 풀어보는 신라인의 지혜,(경주)국립경주박물관
687,122,과학으로 풀어보는 신라인의 지혜,(경주)불국사
688,122,과학으로 풀어보는 신라인의 지혜,(경주)석굴암
689,122,과학으로 풀어보는 신라인의 지혜,(경주)신라역사과학관
690,122,과학으로 풀어보는 신라인의 지혜,(경주)토함산 자연휴양림
691,123,호미곶 일출과 첨단산업과학 여행,(포항)방사광가속연구소
692,123,호미곶 일출과 첨단산업과학 여행,(포항)일월지
693,123,호미곶 일출과 첨단산업과학 여행,(포항)장기읍성
694,123,호미곶 일출과 첨단산업과학 여행,(포항)포스코역사관
695,123,호미곶 일출과 첨단산업과학 여행,(포항)호미곶해맞이광장/국립등대박물관
696,124,동양최대 수목원과 해안길 기행,(포항)경상북도수목원
697,124,동양최대 수목원과 해안길 기행,(포항)내연산
698,124,동양최대 수목원과 해안길 기행,(포항)보경사
699,124,동양최대 수목원과 해안길 기행,(포항)환호해맞이공원
700,125,천주교 성지순례,(칠곡)가산산성
701,125,천주교 성지순례,(칠곡)가실(낙산) 성당
702,125,천주교 성지순례,(칠곡)성베네딕도왜관수도원
703,125,천주교 성지순례,(칠곡)송정자연휴양림
704,125,천주교 성지순례,(칠곡)신나무골성지
705,125,천주교 성지순례,(칠곡)한티성지
706,126,호국순례 - 다부동 전적지를 찾아서,(칠곡)낙동강구철교
707,126,호국순례 - 다부동 전적지를 찾아서,(칠곡)다부동전적기념관
708,126,호국순례 - 다부동 전적지를 찾아서,(칠곡)도개온천 
709,126,호국순례 - 다부동 전적지를 찾아서,(칠곡)왜관전적기념관
710,126,호국순례 - 다부동 전적지를 찾아서,(칠곡)유학산6.25격전지
711,코스ID,코스명,관광지명
712,127,참외와 야생화를 찾아서,(성주)가야산야생화식물원
713,127,참외와 야생화를 찾아서,(성주)참외생태학습관
714,127,참외와 야생화를 찾아서,(합천)녹색농촌마을
715,128,생명문화와 전설 그리고 성산가야,(성주)가야산
716,128,생명문화와 전설 그리고 성산가야,(성주)감응사
717,128,생명문화와 전설 그리고 성산가야,(성주)성밖숲
718,128,생명문화와 전설 그리고 성산가야,(성주)성산동고분군
719,128,생명문화와 전설 그리고 성산가야,(성주)세종대왕자태실
720,128,생명문화와 전설 그리고 성산가야,(성주)한개마을
721,129,악성 우륵과 점필재 김종직의 만남,(고령)개실마을
722,129,악성 우륵과 점필재 김종직의 만남,(고령)대가야고분관광로
723,129,악성 우륵과 점필재 김종직의 만남,(고령)백산초등학교
724,129,악성 우륵과 점필재 김종직의 만남,(고령)우륵박물관
725,130,신비한 대가야의 역사문화 탐방,(고령)고천원공원 
726,130,신비한 대가야의 역사문화 탐방,(고령)김면장군유적
727,130,신비한 대가야의 역사문화 탐방,(고령)대가야문화학교
728,130,신비한 대가야의 역사문화 탐방,(고령)대가야박물관
729,130,신비한 대가야의 역사문화 탐방,(고령)반룡사
730,130,신비한 대가야의 역사문화 탐방,(고령)양전동암각화
731,130,신비한 대가야의 역사문화 탐방,(고령)지산동고분군
732,131,새벽예불 낭랑한 운문사여행,(청도)동창천삼족대
733,131,새벽예불 낭랑한 운문사여행,(청도)운문댐
734,131,새벽예불 낭랑한 운문사여행,(청도)운문사
735,131,새벽예불 낭랑한 운문사여행,(청도)운문산자연휴양림
736,131,새벽예불 낭랑한 운문사여행,(청도)처진소나무
737,132,옹기 빚기 도예체험,(군위)경북대 자연사박물관
738,132,옹기 빚기 도예체험,(군위)신비의소나무
739,132,옹기 빚기 도예체험,(군위)옹기나라 도예체험(인각사/화산산성)
740,132,옹기 빚기 도예체험,(군위)장곡자연휴양림
741,133,고대불교의 삼성현과의 만남,(경산)갓바위 
742,133,고대불교의 삼성현과의 만남,(경산)도동재
743,133,고대불교의 삼성현과의 만남,(경산)상대온천관광호텔
744,133,고대불교의 삼성현과의 만남,(경산)영남대박물관
745,133,고대불교의 삼성현과의 만남,(경산)원효암
746,133,고대불교의 삼성현과의 만남,(경산)제석사
747,코스ID,코스명,관광지명
748,134,고대왕국 압독국 속으로 기행,(경산)계정숲(한장군묘)
749,134,고대왕국 압독국 속으로 기행,(경산)석정온천
750,134,고대왕국 압독국 속으로 기행,(경산)압량유적
751,134,고대왕국 압독국 속으로 기행,(경산)영남대박물관
752,134,고대왕국 압독국 속으로 기행,(경산)임당동고분군
753,135,전원에서 속삭이는 별빛이야기,(영천)보현산천문대
754,135,전원에서 속삭이는 별빛이야기,(영천)영천댐호반도로
755,135,전원에서 속삭이는 별빛이야기,(영천)오리장림 
756,135,전원에서 속삭이는 별빛이야기,(영천)임고서원
757,135,전원에서 속삭이는 별빛이야기,(영천)정각별빛마을
758,136,마음의 보석상자 - 소원 여행,(영천)돌할매
759,136,마음의 보석상자 - 소원 여행,(영천)만불산
760,136,마음의 보석상자 - 소원 여행,(영천)보현자연수련원
761,136,마음의 보석상자 - 소원 여행,(영천)은해사
762,137,야은의 충절과 근대화의 뿌리탐험,(구미)금오지
763,137,야은의 충절과 근대화의 뿌리탐험,(구미)박정희대통령생가
764,137,야은의 충절과 근대화의 뿌리탐험,(구미)법성사
765,137,야은의 충절과 근대화의 뿌리탐험,(구미)약사암
766,137,야은의 충절과 근대화의 뿌리탐험,(구미)자연환경연수원
767,137,야은의 충절과 근대화의 뿌리탐험,(구미)지주중류비
768,137,야은의 충절과 근대화의 뿌리탐험,(구미)채미정
769,138,불교 초전의 역사속으로,(구미)도개(전모례가정/신라불교초전지마을)
770,138,불교 초전의 역사속으로,(구미)도리사
771,138,불교 초전의 역사속으로,(구미)선산(해평) 낙산 삼층 석탑
772,138,불교 초전의 역사속으로,(구미)일선리문화재단지
773,138,불교 초전의 역사속으로,(구미)죽장리 오층석탑
774,139,스님들의 상아탑 - 직지사 템플스테이,(김천)용화사 
775,139,스님들의 상아탑 - 직지사 템플스테이,(김천)직지사 
776,139,스님들의 상아탑 - 직지사 템플스테이,(김천)황학산
777,140,전통마을에서 옛 솜씨 배우기,(김천)강변조각공원
778,140,전통마을에서 옛 솜씨 배우기,(김천)수도암 
779,140,전통마을에서 옛 솜씨 배우기,(김천)옛날솜씨마을
780,140,전통마을에서 옛 솜씨 배우기,(김천)청암사
781,141,태고의 신비 청옥산 기행,(봉화)고선계곡
782,141,태고의 신비 청옥산 기행,(봉화)백천계곡
783,141,태고의 신비 청옥산 기행,(봉화)청옥산/자연휴양림
784,코스ID,코스명,관광지명
785,142,백두대간 춘양목숲과 약수여행,(봉화)각화사(태백산사고지)
786,142,백두대간 춘양목숲과 약수여행,(봉화)금강소나무숲 산책로
787,142,백두대간 춘양목숲과 약수여행,(봉화)만산고택 권진사댁
788,142,백두대간 춘양목숲과 약수여행,(봉화)오전약수관광지
789,142,백두대간 춘양목숲과 약수여행,(봉화)축서사
790,143,청량산 계곡 래프팅 체험,(봉화)다덕약수관광지
791,143,청량산 계곡 래프팅 체험,(봉화)닭실마을
792,143,청량산 계곡 래프팅 체험,(봉화)이나리강변
793,143,청량산 계곡 래프팅 체험,(봉화)청량산(청량사)
794,143,청량산 계곡 래프팅 체험,(봉화)청량산박물관
795,144,양궁체험과 신비의 우주탐험,(예천)산업곤충박물관
796,144,양궁체험과 신비의 우주탐험,(예천)양수발전소
797,144,양궁체험과 신비의 우주탐험,(예천)예천온천
798,144,양궁체험과 신비의 우주탐험,(예천)예천진호 국제양궁장
799,144,양궁체험과 신비의 우주탐험,(예천)천문과학문화센터
800,145,천하제일의 명당 십승지 예천 여행,(예천)금당실마을
801,145,천하제일의 명당 십승지 예천 여행,(예천)보문사
802,145,천하제일의 명당 십승지 예천 여행,(예천)용문사
803,145,천하제일의 명당 십승지 예천 여행,(예천)학가산/우래자연휴양림 
804,145,천하제일의 명당 십승지 예천 여행,(예천)회룡포
805,146,청정지표 반딧불이 탐구여행,(영양)검마산자연휴양림
806,146,청정지표 반딧불이 탐구여행,(영양)반딧불이생태공원
807,146,청정지표 반딧불이 탐구여행,(영양)선바위관광지구
808,146,청정지표 반딧불이 탐구여행,(영양)일원산 자생화공원
809,146,청정지표 반딧불이 탐구여행,(영양)일월산
810,147,문향으로 떠나는 문학기행,(영양)감천마을
811,147,문향으로 떠나는 문학기행,(영양)금경연과 금촌마을
812,147,문향으로 떠나는 문학기행,(영양)서석지(연당마을)
813,147,문향으로 떠나는 문학기행,(영양)수하청소년수련원
814,147,문향으로 떠나는 문학기행,(영양)오일도
815,147,문향으로 떠나는 문학기행,(영양)이문열과 두들마을
816,147,문향으로 떠나는 문학기행,(영양)조지훈과 주실마을
817,코스ID,코스명,관광지명
818,148,안개 낀 주산지 - 사계절 명산 주왕산 여행,(청송)달기약수
819,148,안개 낀 주산지 - 사계절 명산 주왕산 여행,(청송)신성계곡
820,148,안개 낀 주산지 - 사계절 명산 주왕산 여행,(청송)얼음골
821,148,안개 낀 주산지 - 사계절 명산 주왕산 여행,(청송)자연휴양림
822,148,안개 낀 주산지 - 사계절 명산 주왕산 여행,(청송)주산지
823,148,안개 낀 주산지 - 사계절 명산 주왕산 여행,(청송)주왕산·대전사
824,149,99칸 대가집에서의 하룻밤,(청송)방호정
825,149,99칸 대가집에서의 하룻밤,(청송)송소고택
826,149,99칸 대가집에서의 하룻밤,(청송)야송미술관
827,149,99칸 대가집에서의 하룻밤,(청송)양수발전소
828,149,99칸 대가집에서의 하룻밤,(청송)진보옹기체험관
829,149,99칸 대가집에서의 하룻밤,(청송)한지장·예술의 집
830,150,흙내음 가득한 농촌체험마을 여행,(의성)고운사
831,150,흙내음 가득한 농촌체험마을 여행,(의성)교촌농촌체험마을
832,150,흙내음 가득한 농촌체험마을 여행,(의성)대곡사(비봉산)
833,150,흙내음 가득한 농촌체험마을 여행,(의성)비안향교
834,150,흙내음 가득한 농촌체험마을 여행,(의성)사촌마을
835,151,풍경소리 은은한 고운사 여행,(의성)고운사
836,151,풍경소리 은은한 고운사 여행,(의성)금성산고분군 
837,151,풍경소리 은은한 고운사 여행,(의성)산운마을
838,151,풍경소리 은은한 고운사 여행,(의성)의성향교
839,151,풍경소리 은은한 고운사 여행,(의성)탑산약수온천
840,152,인정 넘치는 산골마을로의 여행,(문경)경천호
841,152,인정 넘치는 산골마을로의 여행,(문경)김용사
842,152,인정 넘치는 산골마을로의 여행,(문경)대승사
843,153,청정자연과 함께하는 레포츠 여행,(문경)관광사격장
844,153,청정자연과 함께하는 레포츠 여행,(문경)문경활공장
845,153,청정자연과 함께하는 레포츠 여행,(문경)불정자연휴양림 
846,153,청정자연과 함께하는 레포츠 여행,(문경)사계절썰매장
847,153,청정자연과 함께하는 레포츠 여행,(문경)철로자전거
848,154,명품 도자기마을 문경새재,(문경)고모산성(토천)
849,154,명품 도자기마을 문경새재,(문경)도자기전시관
850,154,명품 도자기마을 문경새재,(문경)문경세재 1~3관문
851,154,명품 도자기마을 문경새재,(문경)석탄박물관
852,154,명품 도자기마을 문경새재,(문경)연개소문 촬영장
853,154,명품 도자기마을 문경새재,(문경)청운각 
854,코스ID,코스명,관광지명
855,155,마음을 닦는 트레킹 문장대 기행,(상주)동학교당
856,155,마음을 닦는 트레킹 문장대 기행,(상주)문장대
857,155,마음을 닦는 트레킹 문장대 기행,(상주)병천농촌체험마을
858,155,마음을 닦는 트레킹 문장대 기행,(상주)성주봉자연휴양림
859,155,마음을 닦는 트레킹 문장대 기행,(상주)용유계곡
860,156,임란 극복의 역사가 서린 경천대 기행,(상주)갑장산
861,156,임란 극복의 역사가 서린 경천대 기행,(상주)경천대 
862,156,임란 극복의 역사가 서린 경천대 기행,(상주)상주박물관
863,156,임란 극복의 역사가 서린 경천대 기행,(상주)임란북천전적지
864,156,임란 극복의 역사가 서린 경천대 기행,(상주)충의사
865,157,고색창연한 전통체험,(영주)가흥리마애산존불상·가흥리암각화 
866,157,고색창연한 전통체험,(영주)괴헌고택 
867,157,고색창연한 전통체험,(영주)수도리전통마을
868,157,고색창연한 전통체험,(영주)풍기인삼시장
869,157,고색창연한 전통체험,(영주)흑석사
870,158,죽령옛길로 오르는 소백산 기행,(영주)옥녀봉자연휴양림 
871,158,죽령옛길로 오르는 소백산 기행,(영주)죽령옛길
872,158,죽령옛길로 오르는 소백산 기행,(영주)천문대 
873,158,죽령옛길로 오르는 소백산 기행,(영주)풍기온천
874,158,죽령옛길로 오르는 소백산 기행,(영주)풍기인견전시·판매장
875,158,죽령옛길로 오르는 소백산 기행,(영주)풍기인삼시장 
876,158,죽령옛길로 오르는 소백산 기행,(영주)희방사·희방폭포
877,159,한국의 선비문화 체험여행,(영주)부석사
878,159,한국의 선비문화 체험여행,(영주)소수서원/선비촌
879,159,한국의 선비문화 체험여행,(영주)순흥읍내리 벽화고분/금성단
880,159,한국의 선비문화 체험여행,(영주)초암사(죽계구곡)
881,160,아름다운 안동종택 기행,(안동)묵계종택(묵계서원/만휴정) 
882,160,아름다운 안동종택 기행,(안동)안동댐
883,160,아름다운 안동종택 기행,(안동)안동소주 박물관(전통음식박물관)
884,160,아름다운 안동종택 기행,(안동)의성김씨 종택
885,160,아름다운 안동종택 기행,(안동)임청각
886,160,아름다운 안동종택 기행,(안동)전주류씨 무실종택/수애당
887,160,아름다운 안동종택 기행,(안동)태사묘
888,코스ID,코스명,관광지명
889,161,문무대왕의 호국정신과 전통 화랑무예 체험,(경주)감은사지
890,161,문무대왕의 호국정신과 전통 화랑무예 체험,(경주)골굴사
891,161,문무대왕의 호국정신과 전통 화랑무예 체험,(경주)기림사
892,161,문무대왕의 호국정신과 전통 화랑무예 체험,(경주)반월성
893,161,문무대왕의 호국정신과 전통 화랑무예 체험,(경주)이견대 
894,162,전통과 해학의 하회탈출 한마당,(안동)병산서원
895,162,전통과 해학의 하회탈출 한마당,(안동)봉정사
896,162,전통과 해학의 하회탈출 한마당,(안동)안동한지 전시·체험관
897,162,전통과 해학의 하회탈출 한마당,(안동)영호루
898,162,전통과 해학의 하회탈출 한마당,(안동)하회동탈박물관 
899,162,전통과 해학의 하회탈출 한마당,(안동)하회마을
900,163,아이들과 함께하는 여행,(서귀포)비엘바이크파크
901,163,아이들과 함께하는 여행,(서귀포)월드컵경기장
902,163,아이들과 함께하는 여행,(서귀포)최남단체험감귤농장
903,163,아이들과 함께하는 여행,(제주)김녕미로공원
904,163,아이들과 함께하는 여행,(제주)별빛누리공원
905,163,아이들과 함께하는 여행,(제주)산굼부리
906,163,아이들과 함께하는 여행,(제주)하도해변
907,164,커플끼리 여행,(서귀포)새섬
908,164,커플끼리 여행,(서귀포)섭지코지
909,164,커플끼리 여행,(서귀포)신양 섭지코지 해변
910,164,커플끼리 여행,(서귀포)혼인지
911,164,커플끼리 여행,(제주)만장굴
912,164,커플끼리 여행,(제주)세화해변
913,164,커플끼리 여행,(제주)세화해안도로
914,164,커플끼리 여행,(제주)우도해양도립공원
915,코스ID,코스명,관광지명
916,165,제주의 역사와 문화여행,(서귀포)김영갑갤러리두모악
917,165,제주의 역사와 문화여행,(서귀포)김정희유배지
918,165,제주의 역사와 문화여행,(서귀포)시립기당미술관
919,165,제주의 역사와 문화여행,(서귀포)왈종미술관
920,165,제주의 역사와 문화여행,(서귀포)이중섭미술관
921,165,제주의 역사와 문화여행,(제주)국립제주박물관
922,165,제주의 역사와 문화여행,(제주)국제공항
923,165,제주의 역사와 문화여행,(제주)도립미술관
924,165,제주의 역사와 문화여행,(제주)돌마을
925,165,제주의 역사와 문화여행,(제주)민속자연사박물관
926,165,제주의 역사와 문화여행,(제주)저지문화예술인마을/현대미술관
927,165,제주의 역사와 문화여행,(제주)제주민속촌
928,165,제주의 역사와 문화여행,(제주)해녀박물관
929,166,시티투어 버스를 타고 떠나는 제주 시 티 여행,(제주)4·3평화공원
930,166,시티투어 버스를 타고 떠나는 제주 시 티 여행,(제주)관덕정
931,166,시티투어 버스를 타고 떠나는 제주 시 티 여행,(제주)국립제주박물관
932,166,시티투어 버스를 타고 떠나는 제주 시 티 여행,(제주)노루생태관찰원
933,166,시티투어 버스를 타고 떠나는 제주 시 티 여행,(제주)동문시장
934,166,시티투어 버스를 타고 떠나는 제주 시 티 여행,(제주)용두암
935,166,시티투어 버스를 타고 떠나는 제주 시 티 여행,(제주)절물자연휴양림
936,166,시티투어 버스를 타고 떠나는 제주 시 티 여행,(제주)중앙지하상가
937,166,시티투어 버스를 타고 떠나는 제주 시 티 여행,(제주)칠성로상가조합
938,167,가야의 땅 황옥투어,(김해)국립김해박물관
939,167,가야의 땅 황옥투어,(김해)김해천문대
940,167,가야의 땅 황옥투어,(김해)대성동고분박물관
941,167,가야의 땅 황옥투어,(김해)봉황대
942,167,가야의 땅 황옥투어,(김해)수로왕릉
943,167,가야의 땅 황옥투어,(김해)수로왕비릉
944,167,가야의 땅 황옥투어,(김해)한림민속박물관
945,코스ID,코스명,관광지명
946,168,가야의 땅 수로투어,(김해)국립김해박물관
947,168,가야의 땅 수로투어,(김해)김해천문대
948,168,가야의 땅 수로투어,(김해)노무현대통령 생가
949,168,가야의 땅 수로투어,(김해)무척산관광농원
950,168,가야의 땅 수로투어,(김해)봉황대유적
951,168,가야의 땅 수로투어,(김해)수로왕비릉
952,168,가야의 땅 수로투어,(김해)연지공원
953,168,가야의 땅 수로투어,(김해)클레이아크김해미술관
954,168,가야의 땅 수로투어,(김해)한림민속박물관
955,169,거창군 1,(거창)금원산자연휴양림
956,169,거창군 1,(거창)마학동계곡
957,169,거창군 1,(거창)병곡리
958,169,거창군 1,(거창)월성계곡(강선대/사선대/장군바위)
959,169,거창군 1,(거창)허브체험(허브찻집 민들레울)
960,169,거창군 1,(거창)황산고가 민박촌
961,170,거창군 2,(거창)금원산자연휴양림
962,170,거창군 2,(거창)수승대관광지
963,170,거창군 2,(거창)정온선생 종택
964,170,거창군 2,(거창)황산고가 민박촌
965,171,거창군 3,(거창)거창박물관
966,171,거창군 3,(거창)금원산자연휴양림
967,171,거창군 3,(거창)수승대
968,171,거창군 3,(거창)황산고가 민박촌
969,172,거창군 4,(거창)가조면 수월리
970,172,거창군 4,(거창)가조온천휴양지
971,172,거창군 4,(거창)거창박물관
972,172,거창군 4,(거창)남하면 둔마리 고분벽화
973,172,거창군 4,(거창)우두산
974,173,산청군 가족체험코스,(산청)경호강 래프팅
975,173,산청군 가족체험코스,(산청)구형왕릉
976,173,산청군 가족체험코스,(산청)남명조식유적
977,173,산청군 가족체험코스,(산청)남사예담촌
978,173,산청군 가족체험코스,(산청)류의태약수터
979,173,산청군 가족체험코스,(산청)목면시배유지
980,173,산청군 가족체험코스,(산청)생초국제조각공원
981,173,산청군 가족체험코스,(산청)생초창작스튜디오
982,코스ID,코스명,관광지명
983,174,남해군 가족관광코스 1,(남해)가족휴양촌
984,174,남해군 가족관광코스 1,(남해)가천다랭이마을
985,174,남해군 가족관광코스 1,(남해)남해대교
986,174,남해군 가족관광코스 1,(남해)상주유람선
987,174,남해군 가족관광코스 1,(남해)상주은모래비치
988,174,남해군 가족관광코스 1,(남해)스포츠파크
989,174,남해군 가족관광코스 1,(남해)죽방렴
990,174,남해군 가족관광코스 1,(남해)창선·삼천포대교
991,174,남해군 가족관광코스 1,(남해)해오름예술촌
992,175,남해군 가족관광코스 2,(남해)가족휴양촌
993,175,남해군 가족관광코스 2,(남해)가천다랭이마을
994,175,남해군 가족관광코스 2,(남해)남해대교
995,175,남해군 가족관광코스 2,(남해)상주유람선
996,175,남해군 가족관광코스 2,(남해)죽방렴
997,175,남해군 가족관광코스 2,(남해)창선·삼천포대교
998,175,남해군 가족관광코스 2,(남해)해오름예술촌
999,175,남해군 가족관광코스 2,(남해)화방사
1000,176,거제시,(거제)거제대교
1001,176,거제시,(거제)김영삼전대통령생가 
1002,176,거제시,(거제)대우조선
1003,176,거제시,(거제)삼성조선
1004,176,거제시,(거제)어촌민속전시관
1005,176,거제시,(거제)여차
1006,176,거제시,(거제)옥포대첩기념공원
1007,176,거제시,(거제)자연예술랜드
1008,176,거제시,(거제)자연휴양림 
1009,176,거제시,(거제)포로수용소유적공원
1010,176,거제시,(거제)해금강/외도(유람선관광) 
1011,176,거제시,(거제)홍포 
1012,코스ID,,관광지명
1013,177,통영 1,(통영)남망산국제조각공원
1014,177,통영 1,(통영)도남관광지
1015,177,통영 1,(통영)세병관(통제영지)
1016,177,통영 1,(통영)전혁림미술관
1017,177,통영 1,(통영)중앙활어시장
1018,177,통영 1,(통영)착량묘
1019,177,통영 1,(통영)청마문학관
1020,177,통영 1,(통영)충렬사
1021,177,통영 1,(통영)해저터널
1022,177,통영 1,(통영)향토역사관
1023,178,통영 2,(거제)해금강
1024,178,통영 2,(통영)도남관광지
1025,178,통영 2,(통영)소매물도
1026,178,통영 2,(통영)한산도 제승당
1027,179,계곡에서,(거창)금원산자연휴양림
1028,179,계곡에서,(산청)경호강래프팅
1029,179,계곡에서,(창녕)우포늪
1030,179,계곡에서,(함양)정병호가옥 
1031,179,계곡에서,(합천)해인사
1032,180,문화예술기행,(거제)외도해상농원
1033,180,문화예술기행,(거제)해금강
1034,180,문화예술기행,(창원)문신미술관
1035,180,문화예술기행,(통영)윤이상거리
1036,180,문화예술기행,(통영)전혁림미술관
1037,180,문화예술기행,(통영)청마문학관
1038,180,문화예술기행,(하동)평사리 최참판댁
1039,181,영남알프스,(김해)국립김해박물관
1040,181,영남알프스,(밀양)가지산
1041,181,영남알프스,(밀양)사자평
1042,181,영남알프스,(밀양)재약산
1043,181,영남알프스,(밀양)표충사
1044,181,영남알프스,(양산)통도사
1045,182,가야산단풍,(창녕)부곡온천
1046,182,가야산단풍,(창녕)화왕산
1047,182,가야산단풍,(합천)가야산
1048,182,가야산단풍,(합천)해인사
1049,코스ID,,관광지명
1050,183,지리산단풍,(산청)대원사계곡
1051,183,지리산단풍,(하동)불일폭포
1052,183,지리산단풍,(하동)삼성궁
1053,183,지리산단풍,(하동)쌍계사
1054,183,지리산단풍,(하동)칠불사
1055,183,지리산단풍,(하동)평사리 최참판댁
1056,184,남해안 여행,(거제)실안낙조
1057,184,남해안 여행,(남해)금산
1058,184,남해안 여행,(남해)노도
1059,184,남해안 여행,(남해)단항왕후박나무
1060,184,남해안 여행,(남해)물건방조어부림과 물미해안
1061,184,남해안 여행,(남해)상주해수욕장
1062,184,남해안 여행,(남해)스포츠파크
1063,184,남해안 여행,(남해)암수바위와 가천마을 다랑이논
1064,184,남해안 여행,(남해)원시어업죽방렴
1065,184,남해안 여행,(사천)삼천포항
1066,185,바다여행,(거제)학동몽돌
1067,185,바다여행,(창원)용원
1068,185,바다여행,(통영)마리나리조트
1069,185,바다여행,(통영)여객선터미널
1070,186,섬여행,(거제)외도해상농원
1071,186,섬여행,(거제)해금강
1072,186,섬여행,(고성)공룡박물관
1073,186,섬여행,(고성)상족암 군립공원
1074,186,섬여행,(남해)보리암
1075,186,섬여행,(남해)상주해수욕장
1076,186,섬여행,(통영)소매물도
1077,186,섬여행,(통영)재래식 시장
1078,186,섬여행,(통영)제승당
1079,187,붉은테마,(거제)대금산 
1080,187,붉은테마,(거제)지심도
1081,187,붉은테마,(통영)달아공원 
1082,187,붉은테마,(통영)산양일주도로
1083,187,붉은테마,(통영)제승당
1084,187,붉은테마,(통영)청마생가
1085,코스ID,코스명,관광지명
1086,188,벚꽃길 관광,(남해)남해대교
1087,188,벚꽃길 관광,(남해)보리암
1088,188,벚꽃길 관광,(남해)한려수도
1089,188,벚꽃길 관광,(사천)선진리성
1090,188,벚꽃길 관광,(창원)진해군항제
1091,189,이토차완의 원류탐방,(진주)진주성
1092,189,이토차완의 원류탐방,(창원)웅천도요지
1093,189,이토차완의 원류탐방,(하동)백련리도요지
1094,189,이토차완의 원류탐방,(하동)쌍계사/차나무시배지
1095,190,아주 특별한 미지의 어촌여행,(거제)구조라
1096,190,아주 특별한 미지의 어촌여행,(거제)여차몽돌
1097,190,아주 특별한 미지의 어촌여행,(거제)해금강
1098,190,아주 특별한 미지의 어촌여행,(남해)죽방렴
1099,190,아주 특별한 미지의 어촌여행,(통영)남망산공원
1100,190,아주 특별한 미지의 어촌여행,(통영)등대섬
1101,190,아주 특별한 미지의 어촌여행,(통영)소매물도
1102,191,아름다운 추억만들기 (산청군편),(산청)목면시배유지
1103,191,아름다운 추억만들기 (산청군편),(산청)성철대종사생가(터) 
1104,191,아름다운 추억만들기 (산청군편),(산청)양수발전소
1105,191,아름다운 추억만들기 (산청군편),(산청)중산리계곡
1106,191,아름다운 추억만들기 (산청군편),(산청)지리산 빨치산 토벌전시관
1107,192,부처님의 가르침과 가야인의 숨결을 느끼며,(김해)국립김해박물관
1108,192,부처님의 가르침과 가야인의 숨결을 느끼며,(김해)김해천문대
1109,192,부처님의 가르침과 가야인의 숨결을 느끼며,(김해)수로왕릉
1110,192,부처님의 가르침과 가야인의 숨결을 느끼며,(김해)은하사
1111,192,부처님의 가르침과 가야인의 숨결을 느끼며,(밀양)얼음골
1112,192,부처님의 가르침과 가야인의 숨결을 느끼며,(밀양)영남루
1113,192,부처님의 가르침과 가야인의 숨결을 느끼며,(밀양)표충사 
1114,192,부처님의 가르침과 가야인의 숨결을 느끼며,(양산)통도사
1115,192,부처님의 가르침과 가야인의 숨결을 느끼며,(양산)통도환타지아
1116,193,하늘과 맞닿은 준령 - 영남 알프스 기 행,(밀양)얼음골
1117,193,하늘과 맞닿은 준령 - 영남 알프스 기 행,(밀양)재약산
1118,193,하늘과 맞닿은 준령 - 영남 알프스 기 행,(밀양)천황산
1119,193,하늘과 맞닿은 준령 - 영남 알프스 기 행,(밀양)표충사
1120,193,하늘과 맞닿은 준령 - 영남 알프스 기 행,(양산)통도사
1121,193,하늘과 맞닿은 준령 - 영남 알프스 기 행,(울산)영축산
1122,코스ID,코스명,관광지명
1123,194,섬진강변 노송들과 산사에서의삼림욕,(하동)백사청송송림공원
1124,194,섬진강변 노송들과 산사에서의삼림욕,(하동)쌍계사 
1125,194,섬진강변 노송들과 산사에서의삼림욕,(하동)칠불사
1126,194,섬진강변 노송들과 산사에서의삼림욕,(하동)평사리 최참판댁
1127,194,섬진강변 노송들과 산사에서의삼림욕,(하동)화개장터
1128,195,내사랑하는 지리산과 함께,(산청)경호강래프팅
1129,195,내사랑하는 지리산과 함께,(산청)대원사계곡
1130,195,내사랑하는 지리산과 함께,(산청)성철대종사생가(터)
1131,195,내사랑하는 지리산과 함께,(산청)지리산천왕봉
1132,196,산업관광,(창원)국립 3.15묘지
1133,196,산업관광,(창원)돝섬해상유원지
1134,196,산업관광,(창원)마산시립박물관/문신미술관
1135,196,산업관광,(창원)마산음악관
1136,196,산업관광,(창원)산호공원
1137,196,산업관광,(창원)어시장
1138,196,산업관광,(창원)자유무역지역
1139,196,산업관광,(창원)환경시설사업소
1140,196,산업관광,(함안)칠서정수장 
1141,197,환상의 그린스포츠와 온천수로 쌓인 피로를,(창녕)부곡온천 
1142,197,환상의 그린스포츠와 온천수로 쌓인 피로를,(창원)경륜장
1143,197,환상의 그린스포츠와 온천수로 쌓인 피로를,(창원)주남저수지
1144,197,환상의 그린스포츠와 온천수로 쌓인 피로를,(합천)가야산
1145,198,함양,(함양)용유담
1146,198,함양,(함양)지리산
1147,198,함양,(함양)칠선계곡
1148,198,함양,(함양)한신계곡
1149,198,함양,(함양)함양향교
1150,199,통영 3,(통영)가오치선착장
1151,199,통영 3,(통영)남망산공원
1152,199,통영 3,(통영)망일봉
1153,199,통영 3,(통영)미륵산
1154,199,통영 3,(통영)사량도 옥녀봉
1155,199,통영 3,(통영)통영운하
1156,199,통영 3,(통영)해저터널
1157,코스ID,코스명,관광지명
1158,200,진주,(진주)경상남도 문화예술회관
1159,200,진주,(진주)경상남도 수목원
1160,200,진주,(진주)우곡정
1161,200,진주,(진주)월아산
1162,200,진주,(진주)진양호/일주도로
1163,200,진주,(진주)진주성
1164,201,거제,(거제)거제어촌민속전시관
1165,201,거제,(거제)거제자연예술랜드
1166,201,거제,(거제)계룡산
1167,201,거제,(거제)구조라 
1168,201,거제,(거제)송진포
1169,201,거제,(거제)옥포대첩기념공원
1170,201,거제,(거제)외도해상농원
1171,201,거제,(거제)자연휴양림
1172,201,거제,(거제)포로수용소 유적공원
1173,201,거제,(거제)해금강
1174,201,거제,(통영)거제대교
1175,202,하동녹차여행,(하동)경충사
1176,202,하동녹차여행,(하동)대도마을
1177,202,하동녹차여행,(하동)대축마을
1178,202,하동녹차여행,(하동)사기아름마을
1179,202,하동녹차여행,(하동)삼성궁
1180,202,하동녹차여행,(하동)삼신녹차마을
1181,202,하동녹차여행,(하동)쌍계사 
1182,202,하동녹차여행,(하동)옥종딸기마을
1183,202,하동녹차여행,(하동)청학동계곡
1184,202,하동녹차여행,(하동)평사리 최참판댁
1185,203,선비의얼을 느끼며,(함양)남계서원
1186,203,선비의얼을 느끼며,(함양)상림공원
1187,203,선비의얼을 느끼며,(함양)옥계신도비
1188,203,선비의얼을 느끼며,(함양)정여창고택 
1189,203,선비의얼을 느끼며,(함양)청계서원
1190,203,선비의얼을 느끼며,(함양)허삼둘가옥
1191,코스ID,코스명,관광지명
1192,204,김해역사와 자연산의 만남,(김해)가동마을
1193,204,김해역사와 자연산의 만남,(김해)국립김해박물관
1194,204,김해역사와 자연산의 만남,(김해)김해천문대
1195,204,김해역사와 자연산의 만남,(김해)대동 화훼단지
1196,204,김해역사와 자연산의 만남,(김해)대성동 고분군
1197,204,김해역사와 자연산의 만남,(김해)무척산
1198,204,김해역사와 자연산의 만남,(김해)봉황동 유적
1199,204,김해역사와 자연산의 만남,(김해)수로왕릉
1200,204,김해역사와 자연산의 만남,(김해)수로왕비릉
1201,204,김해역사와 자연산의 만남,(김해)진례 도예체험
1202,204,김해역사와 자연산의 만남,(김해)칠산참외마을
1203,205,진해 공원드라이브,(창원)내수면양식연구소
1204,205,진해 공원드라이브,(창원)북원로타리(이충무공동상)
1205,205,진해 공원드라이브,(창원)수치해안
1206,205,진해 공원드라이브,(창원)에너지환경과학공원
1207,205,진해 공원드라이브,(창원)장복산공원
1208,205,진해 공원드라이브,(창원)제황산공원
1209,205,진해 공원드라이브,(창원)중원로타리
1210,205,진해 공원드라이브,(창원)해군 사관학교박물관
1211,206,자연레져관광,(양산)내원사
1212,206,자연레져관광,(양산)내원사계곡
1213,206,자연레져관광,(양산)노전암
1214,206,자연레져관광,(양산)도자기공원
1215,206,자연레져관광,(양산)통도환타지아
1216,207,문화와 역사지 탐방,(마산)합포성지
1217,207,문화와 역사지 탐방,(창녕)만옥정 공원
1218,207,문화와 역사지 탐방,(창녕)망우정
1219,207,문화와 역사지 탐방,(창녕)박진전쟁 기념관
1220,207,문화와 역사지 탐방,(창녕)영산호국공원
1221,207,문화와 역사지 탐방,(창원)관해정
1222,207,문화와 역사지 탐방,(창원)돝섬해상유원지
1223,207,문화와 역사지 탐방,(창원)마산시립박물관/문신미술관
1224,207,문화와 역사지 탐방,(창원)몽고정
1225,207,문화와 역사지 탐방,(창원)서원곡유원지
1226,207,문화와 역사지 탐방,(창원)어시장
1227,207,문화와 역사지 탐방,(창원)조두남기념관
1228,코스ID,코스명,관광지명
1229,208,역사의현장 체험,(마산)합포성지
1230,208,역사의현장 체험,(창원)3·15기념탑
1231,208,역사의현장 체험,(창원)관해정
1232,208,역사의현장 체험,(창원)돝섬해상유원지
1233,208,역사의현장 체험,(창원)마산시립박물관/문신미술관
1234,208,역사의현장 체험,(창원)몽고정
1235,208,역사의현장 체험,(창원)산호공원
1236,208,역사의현장 체험,(창원)서원곡유원지
1237,208,역사의현장 체험,(창원)어시장
1238,208,역사의현장 체험,(창원)조두남기념관
1239,209,가족 자연레져 여행,(양산)도자기공원
1240,209,가족 자연레져 여행,(양산)소석마을 팜스테이
1241,209,가족 자연레져 여행,(양산)통도환타지아
1242,209,가족 자연레져 여행,(양산)해운자연농원
1243,210,한산도 여행,(통영)망산
1244,210,한산도 여행,(통영)여객선터미널
1245,210,한산도 여행,(통영)제승당
1246,211,매물도 여행,(통영)등대섬
1247,211,매물도 여행,(통영)소매물도
1248,211,매물도 여행,(통영)여객선터미널
1249,212,경상남도 유람선 관광 1,(통영)가오치선착장
1250,212,경상남도 유람선 관광 1,(통영)대항해수욕장
1251,212,경상남도 유람선 관광 1,(통영)사량도
1252,212,경상남도 유람선 관광 1,(통영)지리산 
1253,212,경상남도 유람선 관광 1,(통영)최영장군사당
1254,213,거창겨울여행,(거창)가조온천
1255,213,거창겨울여행,(거창)거창박물관
1256,213,거창겨울여행,(거창)거창사건추모공원
1257,213,거창겨울여행,(거창)우두산
1258,코스ID,코스명,관광지명
1259,214,물소리바람향기,(양산)늘밭마을
1260,214,물소리바람향기,(양산)불암폭포
1261,214,물소리바람향기,(양산)신불산공원
1262,214,물소리바람향기,(양산)신흥사
1263,214,물소리바람향기,(양산)어곡공단
1264,214,물소리바람향기,(양산)오봉산 임경대
1265,214,물소리바람향기,(양산)원동자연휴양림
1266,214,물소리바람향기,(양산)원동화제 
1267,214,물소리바람향기,(양산)자연식의집
1268,215,시원한 자연을 마시며,(거창)마학동 계곡
1269,215,시원한 자연을 마시며,(거창)병곡리 빙기실계곡
1270,215,시원한 자연을 마시며,(거창)월성 주은자연휴양림
1271,215,시원한 자연을 마시며,(거창)월성계곡
1272,215,시원한 자연을 마시며,(거창)점터산장
1273,216,바다의 지리산 탐험,(고성)상족암 군립공원
1274,216,바다의 지리산 탐험,(통영)사량도
1275,216,바다의 지리산 탐험,(통영)지리산
1276,217,진주 봄나들이,(진주)경상남도 수목원
1277,217,진주 봄나들이,(진주)남가람문화거리
1278,217,진주 봄나들이,(진주)망진산 봉수대
1279,217,진주 봄나들이,(진주)물문화관
1280,217,진주 봄나들이,(진주)새벼리
1281,217,진주 봄나들이,(진주)인사동골동품거리
1282,217,진주 봄나들이,(진주)진양호/일주도로
1283,217,진주 봄나들이,(진주)진주성
1284,218,산세맑은 소리고운풍경,(양산)배내골
1285,218,산세맑은 소리고운풍경,(양산)배내골송림관광농원
1286,218,산세맑은 소리고운풍경,(양산)오봉산 임경대
1287,218,산세맑은 소리고운풍경,(양산)용화사
1288,218,산세맑은 소리고운풍경,(양산)원동역
1289,219,온천,(거창)가조온천
1290,219,온천,(의령)우포늪
1291,219,온천,(창녕)관룡사
1292,219,온천,(창녕)부곡온천
1293,219,온천,(창녕)화왕산
1294,219,온천,(합천)해인사
1295,코스ID,코스명,관광지명
1296,220,산청9경,(산청)경호강
1297,220,산청9경,(산청)남명조식유적
1298,220,산청9경,(산청)남사예담촌
1299,220,산청9경,(산청)대원사
1300,220,산청9경,(산청)전구형왕릉
1301,220,산청9경,(산청)전통한방휴양관광지
1302,220,산청9경,(산청)정취암
1303,220,산청9경,(산청)지리산천왕봉
1304,220,산청9경,(산청)황매산 
1305,221,임진왜란 유적지 탐방,(고성)당항포 관광지
1306,221,임진왜란 유적지 탐방,(남해)충렬사
1307,221,임진왜란 유적지 탐방,(사천)선진리성
1308,221,임진왜란 유적지 탐방,(진주)진주성
1309,221,임진왜란 유적지 탐방,(통영)세병관
1310,221,임진왜란 유적지 탐방,(통영)제승당 
1311,221,임진왜란 유적지 탐방,(통영)충렬사
1312,222,호국과 위민의 역사 유적지,(산청)목면시배유지
1313,222,호국과 위민의 역사 유적지,(의령)충익사 
1314,222,호국과 위민의 역사 유적지,(함양)상림 
1315,222,호국과 위민의 역사 유적지,(합천)해인사 
1316,223,자연과 역사유적의 화려한 만남,(거제)옥포대첩기념공원
1317,223,자연과 역사유적의 화려한 만남,(거제)외도해상농원
1318,223,자연과 역사유적의 화려한 만남,(거제)포로수용소 유적공원
1319,223,자연과 역사유적의 화려한 만남,(거제)해금강
1320,223,자연과 역사유적의 화려한 만남,(고성)상족암군립공원 
1321,223,자연과 역사유적의 화려한 만남,(사천)선진리성
1322,223,자연과 역사유적의 화려한 만남,(진주)진주성
1323,223,자연과 역사유적의 화려한 만남,(통영)제승당
1324,223,자연과 역사유적의 화려한 만남,(통영)충렬사
1325,코스ID,코스명,관광지명
1326,224,임진왜란 유적지 탐방,(거제)대우조선
1327,224,임진왜란 유적지 탐방,(거제)옥포대첩기념공원
1328,224,임진왜란 유적지 탐방,(거제)외도해상농원
1329,224,임진왜란 유적지 탐방,(거제)해금강
1330,224,임진왜란 유적지 탐방,(고성)당항포관광지
1331,224,임진왜란 유적지 탐방,(사천)선진리성
1332,224,임진왜란 유적지 탐방,(통영)제승당
1333,224,임진왜란 유적지 탐방,(통영)충렬사
1334,225,경상남도에서 중국인의 발자취를 찾아 서,(고성)당항포관광지
1335,225,경상남도에서 중국인의 발자취를 찾아 서,(고성)상족암 군립공원
1336,225,경상남도에서 중국인의 발자취를 찾아 서,(남해)금산
1337,225,경상남도에서 중국인의 발자취를 찾아 서,(남해)남해대교
1338,225,경상남도에서 중국인의 발자취를 찾아 서,(남해)보리암
1339,225,경상남도에서 중국인의 발자취를 찾아 서,(창원)두산중공업
1340,225,경상남도에서 중국인의 발자취를 찾아 서,(하동)쌍계사
1341,225,경상남도에서 중국인의 발자취를 찾아 서,(하동)악양루
1342,225,경상남도에서 중국인의 발자취를 찾아 서,(하동)화개장터
1343,226,천하의 절경 지리산 자락에서 싹튼 문 화역사 탐방,(산청)목면시배유지
1344,226,천하의 절경 지리산 자락에서 싹튼 문 화역사 탐방,(산청)성철대종사생가(터)
1345,226,천하의 절경 지리산 자락에서 싹튼 문 화역사 탐방,(진주)진주성
1346,226,천하의 절경 지리산 자락에서 싹튼 문 화역사 탐방,(하동)삼성궁
1347,226,천하의 절경 지리산 자락에서 싹튼 문 화역사 탐방,(하동)쌍계사
1348,226,천하의 절경 지리산 자락에서 싹튼 문 화역사 탐방,(하동)화개온천리조트
1349,226,천하의 절경 지리산 자락에서 싹튼 문 화역사 탐방,(하동)화개장터
1350,226,천하의 절경 지리산 자락에서 싹튼 문 화역사 탐방,(합천)남명조식선생생가지
1351,227,가야문화와 이어지는 온천휴양여행,(김해)국립김해박물관
1352,227,가야문화와 이어지는 온천휴양여행,(김해)김해천문대
1353,227,가야문화와 이어지는 온천휴양여행,(김해)수로왕릉
1354,227,가야문화와 이어지는 온천휴양여행,(양산)통도사 성보박물관
1355,227,가야문화와 이어지는 온천휴양여행,(창녕)교동고분군
1356,227,가야문화와 이어지는 온천휴양여행,(창녕)부곡온천
1357,228,해상 강국의 표상 삼성조선소와 호국 성지 순례,(거제)삼성중공업거제조선소 
1358,228,해상 강국의 표상 삼성조선소와 호국 성지 순례,(거제)옥포대첩기념공원
1359,228,해상 강국의 표상 삼성조선소와 호국 성지 순례,(거제)포로수용소 유적공원
1360,228,해상 강국의 표상 삼성조선소와 호국 성지 순례,(고성)상족암 군립공원
1361,228,해상 강국의 표상 삼성조선소와 호국 성지 순례,(통영)제승당
1362,코스ID,,관광지명
1363,229,자연절경여행,(함양)거연정
1364,229,자연절경여행,(함양)군자정
1365,229,자연절경여행,(함양)논개묘
1366,229,자연절경여행,(함양)농월정
1367,229,자연절경여행,(함양)동호정
1368,229,자연절경여행,(함양)심원정
1369,229,자연절경여행,(함양)연암물레방아공원
1370,229,자연절경여행,(함양)용추 자연휴양림
1371,229,자연절경여행,(함양)용추사/용추폭포 
1372,229,자연절경여행,(함양)황암사
1373,230,함안,(의령)정암루
1374,230,함안,(함안)고려동유적지
1375,230,함안,(함안)대산리석불
1376,230,함안,(함안)무진정
1377,230,함안,(함안)방어산마애불
1378,230,함안,(함안)법수면늪지
1379,230,함안,(함안)악양루
1380,230,함안,(함안)와룡정 
1381,230,함안,(함안)월촌
1382,230,함안,(함안)입곡군립공원
1383,230,함안,(함안)칠북면회화나무
1384,230,함안,(함안)평기마을
1385,230,함안,(함안)함안박물관
1386,230,함안,(함안)함안층 새발자국화석
1387,코스ID,코스명,관광지명
1388,231,하동,(하동)경충사 
1389,231,하동,(하동)대도마을
1390,231,하동,(하동)대축마을
1391,231,하동,(하동)백사청송송림공원
1392,231,하동,(하동)사기아름마을
1393,231,하동,(하동)삼성궁 
1394,231,하동,(하동)삼신녹차마을
1395,231,하동,(하동)쌍계사
1396,231,하동,(하동)옥종딸기마을
1397,231,하동,(하동)청학동계곡
1398,231,하동,(하동)칠불사
1399,231,하동,(하동)평사리 최참판댁
1400,231,하동,(하동)하동향교
1401,231,하동,(하동)화개장터 
1402,232,경상남도웰빙 패키지관광,(거창)거열산성 
1403,232,경상남도웰빙 패키지관광,(거창)거창박물관
1404,232,경상남도웰빙 패키지관광,(거창)건계정
1405,232,경상남도웰빙 패키지관광,(거창)상림리석조관음입상
1406,232,경상남도웰빙 패키지관광,(거창)서변
1407,232,경상남도웰빙 패키지관광,(거창)양평리석조여래입상
1408,232,경상남도웰빙 패키지관광,(합천)가야산
1409,232,경상남도웰빙 패키지관광,(합천)오도산자연휴양림
1410,232,경상남도웰빙 패키지관광,(합천)태극기휘날리며촬영세트장
1411,232,경상남도웰빙 패키지관광,(합천)해인사 
1412,233,의령알뜰여행,(의령)가례면
1413,233,의령알뜰여행,(의령)곽망우당 유물
1414,233,의령알뜰여행,(의령)보천사지 3층석탑
1415,233,의령알뜰여행,(의령)봉황대
1416,233,의령알뜰여행,(의령)신라통증의 우흔
1417,233,의령알뜰여행,(의령)예술촌
1418,233,의령알뜰여행,(의령)유곡면의 은행나무
1419,233,의령알뜰여행,(의령)의령남산
1420,233,의령알뜰여행,(의령)찰비계곡
1421,233,의령알뜰여행,(의령)현고수
1422,코스ID,코스명,관광지명
1423,234,알뜰 거제 여행,(거제)거제민속자료관
1424,234,알뜰 거제 여행,(거제)거제자연예술랜드
1425,234,알뜰 거제 여행,(거제)거제포로수용소
1426,234,알뜰 거제 여행,(거제)계룡산
1427,234,알뜰 거제 여행,(거제)구조라
1428,234,알뜰 거제 여행,(거제)구천리(휴양림)
1429,234,알뜰 거제 여행,(거제)기성관
1430,234,알뜰 거제 여행,(거제)다포
1431,234,알뜰 거제 여행,(거제)도장포
1432,234,알뜰 거제 여행,(거제)사등성지
1433,234,알뜰 거제 여행,(거제)송진포
1434,234,알뜰 거제 여행,(거제)여차
1435,234,알뜰 거제 여행,(거제)외도해상농원
1436,234,알뜰 거제 여행,(거제)해금강
1437,234,알뜰 거제 여행,(거제)홍포 
1438,234,알뜰 거제 여행,(통영)거제대교
1439,234,알뜰 거제 여행,(통영)청마생가
1440,235,남해체험여행,(남해)남해대교
1441,235,남해체험여행,(남해)내산편백 자연휴양림
1442,235,남해체험여행,(남해)냉천
1443,235,남해체험여행,(남해)두모
1444,235,남해체험여행,(남해)망운산
1445,235,남해체험여행,(남해)문항어촌체험마을
1446,235,남해체험여행,(남해)보리암
1447,235,남해체험여행,(남해)송정숲
1448,235,남해체험여행,(남해)암수바위와 가천마을 다랑이논
1449,235,남해체험여행,(남해)왕지등대마을
1450,235,남해체험여행,(남해)용문사
1451,235,남해체험여행,(남해)지족갯마을
1452,235,남해체험여행,(남해)충렬사
1453,235,남해체험여행,(남해)해바리
1454,코스ID,코스명,관광지명
1455,236,경상남도문화여행,(김해)가야랜드
1456,236,경상남도문화여행,(김해)국립김해박물관
1457,236,경상남도문화여행,(김해)김해천문대
1458,236,경상남도문화여행,(김해)대성동고분박물관
1459,236,경상남도문화여행,(창원)구산성지
1460,236,경상남도문화여행,(창원)망산도유주암
1461,236,경상남도문화여행,(창원)성흥사대웅전
1462,236,경상남도문화여행,(창원)안골왜성
1463,236,경상남도문화여행,(창원)안골포굴강
1464,236,경상남도문화여행,(창원)웅천왜성 
1465,236,경상남도문화여행,(창원)웅천읍성
1466,236,경상남도문화여행,(창원)진해우체국
1467,237,철새들의 군무 - 늪지 식물의 속삭임,(밀양)미리벌민속박물관
1468,237,철새들의 군무 - 늪지 식물의 속삭임,(의령)우포늪
1469,237,철새들의 군무 - 늪지 식물의 속삭임,(창녕)부곡온천
1470,237,철새들의 군무 - 늪지 식물의 속삭임,(창원)주남저수지
1471,238,가족문화건강여행,(김해)장유대청계곡
1472,238,가족문화건강여행,(김해)장척계곡
1473,238,가족문화건강여행,(양산)도자기공원
1474,238,가족문화건강여행,(양산)소석마을 팜스테이
1475,238,가족문화건강여행,(양산)통도환타지아
1476,238,가족문화건강여행,(양산)해운자연농원
1477,239,경상남도 유람선 관광 2,(창원)진해해양공원
1478,239,경상남도 유람선 관광 2,(통영)여객선터미널
1479,239,경상남도 유람선 관광 2,(통영)연화도
1480,239,경상남도 유람선 관광 2,(통영)연화사
1481,239,경상남도 유람선 관광 2,(통영)욕지도
1482,239,경상남도 유람선 관광 2,(통영)지리산 
1483,239,경상남도 유람선 관광 2,(통영)천황산 
1484,코스ID,코스명,관광지명
1485,240,경상남도문화재탐방,(밀양)대법사
1486,240,경상남도문화재탐방,(밀양)사명대사생가지 
1487,240,경상남도문화재탐방,(밀양)영산정사/성보박물관 
1488,240,경상남도문화재탐방,(밀양)표충비각
1489,240,경상남도문화재탐방,(밀양)표충사
1490,240,경상남도문화재탐방,(창녕)관룡사
1491,240,경상남도문화재탐방,(창녕)만옥정 공원
1492,240,경상남도문화재탐방,(창녕)석빙고
1493,240,경상남도문화재탐방,(창녕)영산호국공원
1494,240,경상남도문화재탐방,(창녕)창녕향교
1495,241,해안관광,(창원)가고파랜드(돝섬해상유원지)
1496,241,해안관광,(창원)고현리공룡발자국화석
1497,241,해안관광,(창원)구복예술촌
1498,241,해안관광,(창원)백령신단
1499,241,해안관광,(창원)원전마을
1500,241,해안관광,(창원)저도연륙교
1501,241,해안관광,(창원)진해현관아및객사유지 
1502,242,추운겨울 따뜻한 온천여행,(창녕)부곡온천
1503,242,추운겨울 따뜻한 온천여행,(창원)경륜장
1504,242,추운겨울 따뜻한 온천여행,(창원)주남저수지
1505,242,추운겨울 따뜻한 온천여행,(합천)가야산
1506,243,시원한 계곡을 찾아서,(양산)내원사
1507,243,시원한 계곡을 찾아서,(양산)내원사계곡
1508,243,시원한 계곡을 찾아서,(양산)노전암
1509,243,시원한 계곡을 찾아서,(양산)도자기공원 
1510,243,시원한 계곡을 찾아서,(양산)통도환타지아
1511,243,시원한 계곡을 찾아서,(진주)남가람문화거리
1512,243,시원한 계곡을 찾아서,(진주)진주성
1513,243,시원한 계곡을 찾아서,(진주)천수교
1514,244,옛 선인들의 안식처 탐방,(산청)대원사계곡
1515,244,옛 선인들의 안식처 탐방,(하동)삼성궁
1516,244,옛 선인들의 안식처 탐방,(하동)청학동
1517,244,옛 선인들의 안식처 탐방,(함양)농월정
1518,244,옛 선인들의 안식처 탐방,(함양)상림
1519,코스ID,코스명,관광지명
1520,245,경상남도 섬 관광(유람선),(거제)망산
1521,245,경상남도 섬 관광(유람선),(남해)저도앞죽방렴 
1522,245,경상남도 섬 관광(유람선),(사천)늑도대교
1523,245,경상남도 섬 관광(유람선),(사천)대방진굴항
1524,245,경상남도 섬 관광(유람선),(사천)비토앞
1525,245,경상남도 섬 관광(유람선),(사천)씨앗섬
1526,245,경상남도 섬 관광(유람선),(사천)아두섬
1527,245,경상남도 섬 관광(유람선),(사천)여객터미널
1528,245,경상남도 섬 관광(유람선),(사천)초양대교
1529,245,경상남도 섬 관광(유람선),(사천)코섬
1530,245,경상남도 섬 관광(유람선),(창녕)단항대교
1531,245,경상남도 섬 관광(유람선),(창녕)향기섬
1532,245,경상남도 섬 관광(유람선),(통영)여객선터미널
1533,245,경상남도 섬 관광(유람선),(통영)제승당
1534,246,한려해상 자연체험,(고성)상족암군립공원 
1535,246,한려해상 자연체험,(남해)금산
1536,246,한려해상 자연체험,(남해)남해대교 유원지
1537,246,한려해상 자연체험,(남해)내산편백 자연휴양림
1538,246,한려해상 자연체험,(진주)경상남도 수목원
1539,246,한려해상 자연체험,(하동)백사청송송림공원
1540,247,경상남도자연여행(김해/양산),(김해)국립김해박물관
1541,247,경상남도자연여행(김해/양산),(김해)대성동고분박물관
1542,247,경상남도자연여행(김해/양산),(김해)봉황동 유적
1543,247,경상남도자연여행(김해/양산),(김해)수로왕릉
1544,247,경상남도자연여행(김해/양산),(김해)수로왕비릉
1545,247,경상남도자연여행(김해/양산),(양산)도자기공원
1546,247,경상남도자연여행(김해/양산),(양산)소석마을 팜스테이
1547,247,경상남도자연여행(김해/양산),(양산)통도환타지아
1548,247,경상남도자연여행(김해/양산),(양산)해운자연농원
1549,251,다양한 체험과 이국적인 정취 느낄 수 있는 평택  여행코스,(평택)웃다리문화촌
1550,251,다양한 체험과 이국적인 정취 느낄 수 있는 평택  여행코스,(평택)평택국제중앙시장
1551,251,다양한 체험과 이국적인 정취 느낄 수 있는 평택  여행코스,(평택)평택호관광지
1552,252,태안 신두리 해안사구 고운 모래를 밟 아보자,(태안)두웅습지
1553,252,태안 신두리 해안사구 고운 모래를 밟 아보자,(태안)신두리 해안사구
1554,252,태안 신두리 해안사구 고운 모래를 밟 아보자,(태안)신두리해수욕장
1555,252,태안 신두리 해안사구 고운 모래를 밟 아보자,(태안)태안해안국립공원
1556,코스ID,코스명,관광지명
1557,253,"안산으로 떠나는 미술관, 전시관 여행",(안산)경기도미술관
1558,253,"안산으로 떠나는 미술관, 전시관 여행",(안산)성호기념관
1559,253,"안산으로 떠나는 미술관, 전시관 여행",(안산)안산갈대습지공원
1560,253,"안산으로 떠나는 미술관, 전시관 여행",(안산)유리섬박물관
1561,254,바다를 만나는 안산 체험여행,(안산)누에섬 등대전망대
1562,254,바다를 만나는 안산 체험여행,(안산)어촌민속박물관
1563,254,바다를 만나는 안산 체험여행,(안산)종현어촌체험마을
1564,254,바다를 만나는 안산 체험여행,(안산)코르디움
1565,255,"가평에서 만나보는 유럽, 이색체험 여 행",(가평)쁘띠프랑스
1566,255,"가평에서 만나보는 유럽, 이색체험 여 행",(가평)아침고요수목원
1567,255,"가평에서 만나보는 유럽, 이색체험 여 행",(가평)에델바이스 스위스테마파크
1568,255,"가평에서 만나보는 유럽, 이색체험 여 행",(가평)청평자연휴양림
1569,255,"가평에서 만나보는 유럽, 이색체험 여 행",(가평)청평호반
1570,256,드라마 촬영지로 떠나는 가평 낭만여 행,(가평)남이섬
1571,256,드라마 촬영지로 떠나는 가평 낭만여 행,(가평)이화원
1572,256,드라마 촬영지로 떠나는 가평 낭만여 행,(가평)자라섬오토캠핑장
1573,256,드라마 촬영지로 떠나는 가평 낭만여 행,(춘천)제이드가든 수목원
1574,257,온 가족이 함께 떠나는 원주 레저 여 행,(원주)간현관광지
1575,257,온 가족이 함께 떠나는 원주 레저 여 행,(원주)원주 드림랜드
1576,257,온 가족이 함께 떠나는 원주 레저 여 행,(원주)원주레일파크
1577,257,온 가족이 함께 떠나는 원주 레저 여 행,(원주)치악산 구룡자동차야영장
1578,257,온 가족이 함께 떠나는 원주 레저 여 행,(원주)치악산국립공원
1579,258,자연과 함께하는 충주 힐링 여행,(충주)목계솔밭
1580,258,자연과 함께하는 충주 힐링 여행,(충주)봉황경(능암리섬)
1581,258,자연과 함께하는 충주 힐링 여행,(충주)봉황자연휴양림
1582,258,자연과 함께하는 충주 힐링 여행,(충주)조정체험학교
1583,258,자연과 함께하는 충주 힐링 여행,(충주)중앙탑공원
1584,259,"역사, 문화, 전통이 함께하는 경주에서 의 체험 여행",(경주)경주 버드파크
1585,259,"역사, 문화, 전통이 함께하는 경주에서 의 체험 여행",(경주)경주 양동마을
1586,259,"역사, 문화, 전통이 함께하는 경주에서 의 체험 여행",(경주)신라문화체험장
1587,259,"역사, 문화, 전통이 함께하는 경주에서 의 체험 여행",(경주)신라밀레니엄파크
1588,259,"역사, 문화, 전통이 함께하는 경주에서 의 체험 여행",(경주)한국역사문화음식학교
1589,코스ID,코스명,관광지명
1590,260,자연 그대로의 아름다움을 느끼는 여 수여행,(여수)돌산공원
1591,260,자연 그대로의 아름다움을 느끼는 여 수여행,(여수)돌산도
1592,260,자연 그대로의 아름다움을 느끼는 여 수여행,(여수)오동도
1593,260,자연 그대로의 아름다움을 느끼는 여 수여행,(여수)해양수산과학관
1594,260,자연 그대로의 아름다움을 느끼는 여 수여행,(여수)향일암
1595,261,자연과 전통이 공존하는 순천 여행,(순천)낙안민속자연휴양림
1596,261,자연과 전통이 공존하는 순천 여행,(순천)순천 낙안읍성
1597,261,자연과 전통이 공존하는 순천 여행,(순천)순천만 용산전망대(S자 물길)
1598,261,자연과 전통이 공존하는 순천 여행,(순천)순천만 정원
1599,261,자연과 전통이 공존하는 순천 여행,(순천)순천만자연생태공원
1600,262,관람과 체험을 함께 즐기는 이천 체험 여행,(이천)돼지보러오면돼지(돼지박물관)
1601,262,관람과 체험을 함께 즐기는 이천 체험 여행,(이천)이천 세라피아
1602,262,관람과 체험을 함께 즐기는 이천 체험 여행,(이천)이천시립월전미술관
1603,262,관람과 체험을 함께 즐기는 이천 체험 여행,(이천)해강도자미술관
1604,263,자연을 벗삼아 즐기는 용인 체험여행,(용인)농촌테마파크
1605,263,자연을 벗삼아 즐기는 용인 체험여행,(용인)용인자연휴양림 에코어드벤처
1606,263,자연을 벗삼아 즐기는 용인 체험여행,(용인)용인축협자연체험스쿨 한우랜드
1607,263,자연을 벗삼아 즐기는 용인 체험여행,(용인)한택식물원
1608,264,역사의 흔적을 찾아 떠나는 여주 탐방,(여주)명성황후 생가
1609,264,역사의 흔적을 찾아 떠나는 여주 탐방,(여주)신륵사 
1610,264,역사의 흔적을 찾아 떠나는 여주 탐방,(여주)여주 고달사지
1611,264,역사의 흔적을 찾아 떠나는 여주 탐방,(여주)여주박물관
1612,264,역사의 흔적을 찾아 떠나는 여주 탐방,(여주)영릉(英陵)과 영릉(寧陵)
1613,265,가평 연인산 다목적 캠핑장,(가평) 연인산마을
1614,265,가평 연인산 다목적 캠핑장,(가평)남송미술관
1615,265,가평 연인산 다목적 캠핑장,(가평)명지계곡
1616,265,가평 연인산 다목적 캠핑장,(가평)연인산다목적캠핑장
1617,265,가평 연인산 다목적 캠핑장,(가평)자연과별천문대
1618,266,강원도 고성의 송지호 캠핑장,(고성)공현진1리해변
1619,266,강원도 고성의 송지호 캠핑장,(고성)송지호
1620,266,강원도 고성의 송지호 캠핑장,(고성)송지호 오토캠핑장
1621,266,강원도 고성의 송지호 캠핑장,(고성)오호어촌체험마을
1622,266,강원도 고성의 송지호 캠핑장,(고성)왕곡마을
1623,코스ID,코스명,관광지명
1624,267,서울 시내에서 즐길 수 있는 도시캠핑,(서울)양화교 인공폭포
1625,267,서울 시내에서 즐길 수 있는 도시캠핑,(서울)월드컵공원
1626,267,서울 시내에서 즐길 수 있는 도시캠핑,(서울)월드컵공원 노을캠핑장
1627,267,서울 시내에서 즐길 수 있는 도시캠핑,(서울)한강방어백골부대전적비
1628,267,서울 시내에서 즐길 수 있는 도시캠핑,(서울)한강시민공원 난지지구(난지한강공원)
1629,268,다락원 캠핑장 코스,(서울)도봉서원
1630,268,다락원 캠핑장 코스,(서울)서울창포원
1631,268,다락원 캠핑장 코스,(의정부)서울YMCA 다락원캠핑장
1632,268,다락원 캠핑장 코스,(의정부)원도봉유원지
1633,268,다락원 캠핑장 코스,(의정부)원효사
1634,269,거제도를 돌아보는 거제도 학동캠핑장,(거제)거제 학동리 동백나무 숲 및  팔색조번 식지
1635,269,거제도를 돌아보는 거제도 학동캠핑장,(거제)거제자연휴양림
1636,269,거제도를 돌아보는 거제도 학동캠핑장,(거제)학동마을
1637,269,거제도를 돌아보는 거제도 학동캠핑장,(거제)학동자동차야영장
1638,269,거제도를 돌아보는 거제도 학동캠핑장,(거제)학동흑진주몽돌해변
1639,270,세종특별자치시 안의 드믄 캠핑장,(세종)합강공원 오토캠핑장
1640,270,세종특별자치시 안의 드믄 캠핑장,(세종)합호서원
1641,270,세종특별자치시 안의 드믄 캠핑장,(세종)황룡사
1642,271,영덕의 해맞이 캠프,(영덕)영덕군해맞이캠핑장
1643,271,영덕의 해맞이 캠프,(영덕)영덕해맞이공원
1644,271,영덕의 해맞이 캠프,(영덕)창포마을
1645,271,영덕의 해맞이 캠프,(영덕)풍력발전단지
1646,272,충청지역의 잼핑카라반에서 하루,(공주)마곡사
1647,272,충청지역의 잼핑카라반에서 하루,(공주)잼핑홀리데이 잼핑카라반
1648,272,충청지역의 잼핑카라반에서 하루,(공주)한국문화연수원
1649,273,용인의 신나는 놀이공원 코스,(용인)삼성화재교통박물관
1650,273,용인의 신나는 놀이공원 코스,(용인)양지파인리조트
1651,273,용인의 신나는 놀이공원 코스,(용인)에버랜드
1652,273,용인의 신나는 놀이공원 코스,(용인)캐리비안베이
1653,273,용인의 신나는 놀이공원 코스,(용인)한국미술관
1654,274,백암산에 둘러싸인 백양사 캠핑,(장성)백양사 가인야영장
1655,274,백암산에 둘러싸인 백양사 캠핑,(장성)장성호관광지
1656,274,백암산에 둘러싸인 백양사 캠핑,(장성)필암서원
1657,274,백암산에 둘러싸인 백양사 캠핑,(장성)황룡전적지
1658,코스ID,코스명,관광지명
1659,275,넓고 푸른 유명산 속의 캠핑코스,(가평)유명산자연휴양림 야영장
1660,275,넓고 푸른 유명산 속의 캠핑코스,(가평)취옹예술관
1661,275,넓고 푸른 유명산 속의 캠핑코스,(가평)코스모피아 천문대
1662,276,강원도의 자연과 문학여행,(평창)이효석 문학관
1663,276,강원도의 자연과 문학여행,(평창)허브나라농원
1664,276,강원도의 자연과 문학여행,(횡성)숲체원
1665,276,강원도의 자연과 문학여행,(횡성)청태산자연휴양림
1666,277,거제와 통영의 절경 속으로,(거제)거제포로수용소 유적공원
1667,277,거제와 통영의 절경 속으로,(거제)구조라해수욕장
1668,277,거제와 통영의 절경 속으로,(거제)신선대 전망대
1669,277,거제와 통영의 절경 속으로,(통영)통영수산과학관
1670,277,거제와 통영의 절경 속으로,(통영)한려수도 조망케이블카
1671,277,거제와 통영의 절경 속으로,(통영)해저터널
1672,278,강변 따라 즐기는 오붓한 가족캠핑,(가평)쁘띠프랑스
1673,278,강변 따라 즐기는 오붓한 가족캠핑,(가평)자라섬오토캠핑장
1674,278,강변 따라 즐기는 오붓한 가족캠핑,(가평)호명호수공원
1675,278,강변 따라 즐기는 오붓한 가족캠핑,(춘천)강촌유원지
1676,278,강변 따라 즐기는 오붓한 가족캠핑,(춘천)김유정 문학촌
1677,279,충북 단양 팔경을 찾아 떠나요,(단양)도담삼봉
1678,279,충북 단양 팔경을 찾아 떠나요,(단양)방곡도깨비마을
1679,279,충북 단양 팔경을 찾아 떠나요,(단양)사인암
1680,279,충북 단양 팔경을 찾아 떠나요,(단양)온달관광지
1681,279,충북 단양 팔경을 찾아 떠나요,(제천)청풍호 유람선
1682,280,경북 군위의 특별한 체험,(군위)군위 삼존석굴
1683,280,경북 군위의 특별한 체험,(군위)법주사
1684,280,경북 군위의 특별한 체험,(군위)부계 한밤마을 돌담길
1685,280,경북 군위의 특별한 체험,(군위)아미산
1686,280,경북 군위의 특별한 체험,(군위)장곡자연휴양림
1687,281,해남 땅끝에서 1박 2일 코스,(해남)간척지 담수호 주변 철새도래지
1688,281,해남 땅끝에서 1박 2일 코스,(해남)고산 윤선도 유적지
1689,281,해남 땅끝에서 1박 2일 코스,(해남)대흥사
1690,281,해남 땅끝에서 1박 2일 코스,(해남)땅끝관광지
1691,281,해남 땅끝에서 1박 2일 코스,(해남)우항리 공룡화석자연사유적지
1692,코스ID,코스명,관광지명
1693,282,"밤하늘 별처럼 추억이 총총, 밤별캠핑 장",(가평)대리마을 산골농원
1694,282,"밤하늘 별처럼 추억이 총총, 밤별캠핑 장",(충주)밤별캠핑장
1695,282,"밤하늘 별처럼 추억이 총총, 밤별캠핑 장",(충주)앙성탄산온천
1696,282,"밤하늘 별처럼 추억이 총총, 밤별캠핑 장",(충주)일중요 (밤골도예)
1697,283,동해 무릉계곡 쌍폭,(동해)논골담길
1698,283,동해 무릉계곡 쌍폭,(동해)망상해변
1699,283,동해 무릉계곡 쌍폭,(동해)무릉계곡
1700,283,동해 무릉계곡 쌍폭,(동해)묵호등대
1701,283,동해 무릉계곡 쌍폭,(동해)묵호항
1702,283,동해 무릉계곡 쌍폭,(동해)천곡동굴
1703,283,동해 무릉계곡 쌍폭,(동해)추암해변
1704,284,가평 무주채폭포,(가평)가평현암농경유물박물관
1705,284,가평 무주채폭포,(가평)강씨봉자연휴양림
1706,284,가평 무주채폭포,(가평)남송미술관
1707,284,가평 무주채폭포,(가평)명지산생태전시관
1708,284,가평 무주채폭포,(가평)무주채폭포
1709,284,가평 무주채폭포,(가평)이화원 나비스토리
1710,285,"신선도 반할 비경, 양산 홍룡폭포",(양산)남부시장
1711,285,"신선도 반할 비경, 양산 홍룡폭포",(양산)내원사
1712,285,"신선도 반할 비경, 양산 홍룡폭포",(양산)대운산자연휴양림
1713,285,"신선도 반할 비경, 양산 홍룡폭포",(양산)법기수원지
1714,285,"신선도 반할 비경, 양산 홍룡폭포",(양산)양산타워
1715,285,"신선도 반할 비경, 양산 홍룡폭포",(양산)통도환타지아
1716,285,"신선도 반할 비경, 양산 홍룡폭포",(양산)홍룡폭포
1717,286,포항 내연산 12폭포,(포항)내연산계곡
1718,286,포항 내연산 12폭포,(포항)덕동문화마을
1719,286,포항 내연산 12폭포,(포항)비학산자연휴양림
1720,286,포항 내연산 12폭포,(포항)영일대 전망대
1721,286,포항 내연산 12폭포,(포항)칠포해수욕장
1722,286,포항 내연산 12폭포,(포항)포항해양스포츠아카데미
1723,코스ID,코스명,관광지명
1724,287,"몸이 건강해지는 물맞이, 구례 수락폭 포",(구례)반달가슴곰생태학습장
1725,287,"몸이 건강해지는 물맞이, 구례 수락폭 포",(구례)사성암
1726,287,"몸이 건강해지는 물맞이, 구례 수락폭 포",(구례)섬진강어류생태관
1727,287,"몸이 건강해지는 물맞이, 구례 수락폭 포",(구례)수락폭포
1728,287,"몸이 건강해지는 물맞이, 구례 수락폭 포",(구례)야생화 압화전시관
1729,287,"몸이 건강해지는 물맞이, 구례 수락폭 포",(구례)운조루
1730,287,"몸이 건강해지는 물맞이, 구례 수락폭 포",(구례)지리산치즈랜드
1731,287,"몸이 건강해지는 물맞이, 구례 수락폭 포",(구례)화엄사
1732,288,부안 직소폭포,(남원)실상사
1733,288,부안 직소폭포,(부안)개암사
1734,288,부안 직소폭포,(부안)격포해변
1735,288,부안 직소폭포,(부안)금구원야외조각미술관
1736,288,부안 직소폭포,(부안)내소사
1737,288,부안 직소폭포,(부안)직소폭포
1738,288,부안 직소폭포,(부안)채석강
1739,289,금산 12폭포,(금산)개삼터공원
1740,289,금산 12폭포,(금산)금강생태과학체험관
1741,289,금산 12폭포,(금산)금산산림문화타운
1742,289,금산 12폭포,(금산)금산향토관
1743,289,금산 12폭포,(금산)십이폭포
1744,289,금산 12폭포,(금산)인삼약초시장
1745,289,금산 12폭포,(금산)적벽강
1746,290,괴산 수옥폭포와 용추폭포,(괴산)둔율올갱이마을
1747,290,괴산 수옥폭포와 용추폭포,(괴산)산막이옛길
1748,290,괴산 수옥폭포와 용추폭포,(괴산)선유구곡
1749,290,괴산 수옥폭포와 용추폭포,(괴산)수옥폭포
1750,290,괴산 수옥폭포와 용추폭포,(괴산)쌍곡구곡
1751,290,괴산 수옥폭포와 용추폭포,(괴산)용추폭포
1752,290,괴산 수옥폭포와 용추폭포,(괴산)한지체험박물관
1753,290,괴산 수옥폭포와 용추폭포,(괴산)화양구곡
1754,291,"광주광역시 여행의 첫걸음, 광주 시티 투어",(광주)사직공원 전망대
1755,291,"광주광역시 여행의 첫걸음, 광주 시티 투어",(광주)양림동 역사문화마을
1756,291,"광주광역시 여행의 첫걸음, 광주 시티 투어",(광주)양림산
1757,291,"광주광역시 여행의 첫걸음, 광주 시티 투어",(광주)의재미술관
1758,291,"광주광역시 여행의 첫걸음, 광주 시티 투어",(광주)증심사
1759,코스ID,코스명,관광지명
1760,292,유네스코 세계유산 공주 시티투어,(공주)갑사
1761,292,유네스코 세계유산 공주 시티투어,(공주)고마나루
1762,292,유네스코 세계유산 공주 시티투어,(공주)공주정지산유적
1763,292,유네스코 세계유산 공주 시티투어,(공주)국립공주박물관
1764,292,유네스코 세계유산 공주 시티투어,(공주)금학생태공원
1765,292,유네스코 세계유산 공주 시티투어,(공주)무녕왕릉
1766,292,유네스코 세계유산 공주 시티투어,(공주)신원사
1767,293,춘천 시티투어,(춘천)강원도립화목원
1768,293,춘천 시티투어,(춘천)공지천
1769,293,춘천 시티투어,(춘천)김유정문학촌
1770,293,춘천 시티투어,(춘천)물레길
1771,293,춘천 시티투어,(춘천)애니메이션박물관
1772,293,춘천 시티투어,(춘천)제이드가든
1773,293,춘천 시티투어,(춘천)청평사
1774,294,부산 자연생태 체험 시티투어 테마 여 행,(부산)기장 대변항
1775,294,부산 자연생태 체험 시티투어 테마 여 행,(부산)낙동강하구에코센터
1776,294,부산 자연생태 체험 시티투어 테마 여 행,(부산)수산과학관
1777,294,부산 자연생태 체험 시티투어 테마 여 행,(부산)아미산전망대
1778,294,부산 자연생태 체험 시티투어 테마 여 행,(부산)암남공원
1779,294,부산 자연생태 체험 시티투어 테마 여 행,(부산)일광해수욕장
1780,294,부산 자연생태 체험 시티투어 테마 여 행,(부산)죽성리 드림 오픈세트장
1781,294,부산 자연생태 체험 시티투어 테마 여 행,(부산)해동용궁사
1782,295,도시 여행의 천국' 서울 시티투어,(서울)63스퀘어
1783,295,도시 여행의 천국' 서울 시티투어,(서울)광화문
1784,295,도시 여행의 천국' 서울 시티투어,(서울)남산
1785,295,도시 여행의 천국' 서울 시티투어,(서울)북촌 한옥마을
1786,295,도시 여행의 천국' 서울 시티투어,(서울)서울애니메이션센터
1787,295,도시 여행의 천국' 서울 시티투어,(서울)인사동
1788,295,도시 여행의 천국' 서울 시티투어,(서울)창덕궁
1789,295,도시 여행의 천국' 서울 시티투어,(서울)청계광장
1790,295,도시 여행의 천국' 서울 시티투어,(서울)트릭아트미술관
1791,코스ID,코스명,관광지명
1792,296,"원시림으로 들어가는 비밀의 문, 양구 생태식물원",(양구)DMZ야생동물생태관
1793,296,"원시림으로 들어가는 비밀의 문, 양구 생태식물원",(양구)두타연
1794,296,"원시림으로 들어가는 비밀의 문, 양구 생태식물원",(양구)백자박물관
1795,296,"원시림으로 들어가는 비밀의 문, 양구 생태식물원",(양구)양구레포츠공원
1796,296,"원시림으로 들어가는 비밀의 문, 양구 생태식물원",(양구)양구생태식물원
1797,296,"원시림으로 들어가는 비밀의 문, 양구 생태식물원",(양구)이해인시문학과 김형석 안병욱 철학의집
1798,296,"원시림으로 들어가는 비밀의 문, 양구 생태식물원",(양구)한반도섬
1799,297,숲과 정원이 어우러진 청양 야생화 배 움터,(청양)고운식물원
1800,297,숲과 정원이 어우러진 청양 야생화 배 움터,(청양)목재문화체험장
1801,297,숲과 정원이 어우러진 청양 야생화 배 움터,(청양)장승공원
1802,297,숲과 정원이 어우러진 청양 야생화 배 움터,(청양)천장호 출렁다리
1803,297,숲과 정원이 어우러진 청양 야생화 배 움터,(청양)칠갑산천문대
1804,298,"여름 꽃 핀 무릉도원, 포항 기청산 식 물원",(포항)경상북도 수목원
1805,298,"여름 꽃 핀 무릉도원, 포항 기청산 식 물원",(포항)기청산 식물원
1806,298,"여름 꽃 핀 무릉도원, 포항 기청산 식 물원",(포항)내연산 12폭포
1807,298,"여름 꽃 핀 무릉도원, 포항 기청산 식 물원",(포항)보경사
1808,298,"여름 꽃 핀 무릉도원, 포항 기청산 식 물원",(포항)영행대해수욕장
1809,298,"여름 꽃 핀 무릉도원, 포항 기청산 식 물원",(포항)포항운하
1810,299,경북 성주 가야산 야생화식물원,(포항)가야산야생화식물원
1811,299,경북 성주 가야산 야생화식물원,(포항)사우당종택
1812,299,경북 성주 가야산 야생화식물원,(포항)성주 경산리 성밖숲
1813,299,경북 성주 가야산 야생화식물원,(포항)성주오일장
1814,299,경북 성주 가야산 야생화식물원,(포항)심원사
1815,300,여백과 낙엽 향 가득한 충주 캠핑장,(충주)반딧불 캠핑장
1816,300,여백과 낙엽 향 가득한 충주 캠핑장,(충주)수안보온천
1817,300,여백과 낙엽 향 가득한 충주 캠핑장,(충주)중앙탑 사적공원
1818,300,여백과 낙엽 향 가득한 충주 캠핑장,(충주)충주댐
1819,300,여백과 낙엽 향 가득한 충주 캠핑장,(충주)탄금대
1820,301,거제 가을날의 캠핑,(거제)바람의 언덕
1821,301,거제 가을날의 캠핑,(거제)신선대
1822,301,거제 가을날의 캠핑,(거제)외도
1823,301,거제 가을날의 캠핑,(거제)학동자동차야영장 
1824,302,계곡 속의 섬에서 누리는 평창 캠핑,(평창)무이 예술관
1825,302,계곡 속의 섬에서 누리는 평창 캠핑,(평창)아트인아일랜드캠핑장
1826,302,계곡 속의 섬에서 누리는 평창 캠핑,(평창)이효석문화마을
1827,302,계곡 속의 섬에서 누리는 평창 캠핑,(평창)허브나라
1828,코스ID,코스명,관광지명
1829,303,강원도강릉여행 ,(강릉)경포대
1830,303,강원도강릉여행 ,(강릉)대관령 양떼목장
1831,303,강원도강릉여행 ,(강릉)대관령자연휴양림 
1832,303,강원도강릉여행 ,(강릉)오죽헌
1833,303,강원도강릉여행 ,(강릉)참소리박물관
1834,304,"강원삼척,바다를벗삼아달리다. ",(삼척)검봉산 자연휴양림
1835,304,"강원삼척,바다를벗삼아달리다. ",(삼척)덕풍계곡
1836,304,"강원삼척,바다를벗삼아달리다. ",(삼척)장호항
1837,304,"강원삼척,바다를벗삼아달리다. ",(삼척)해양 레일바이크
1838,305,사과 향 가득한 소백산 자락에서 잠들 다,(영주)부석사
1839,305,사과 향 가득한 소백산 자락에서 잠들 다,(영주)선비촌
1840,305,사과 향 가득한 소백산 자락에서 잠들 다,(영주)소백산 국립공원 삼가 야영장
1841,305,사과 향 가득한 소백산 자락에서 잠들 다,(영주)소수서원
1842,306,부산관광 대표코스,(부산)BIFF 거리 극장
1843,306,부산관광 대표코스,(부산)광안대교
1844,306,부산관광 대표코스,(부산)국제시장
1845,306,부산관광 대표코스,(부산)달맞이고개
1846,306,부산관광 대표코스,(부산)오륙도
1847,306,부산관광 대표코스,(부산)용두산공원
1848,306,부산관광 대표코스,(부산)자갈치마켓
1849,306,부산관광 대표코스,(부산)태종대유원지
1850,306,부산관광 대표코스,(부산)해동용궁사
1851,306,부산관광 대표코스,(부산)해운대 해수욕장
1852,307,부산 바다와 생태코스,(부산)낭만의 언덕 달맞이길
1853,307,부산 바다와 생태코스,(부산)다대포 꿈의 낙조분수
1854,307,부산 바다와 생태코스,(부산)동백섬
1855,307,부산 바다와 생태코스,(부산)부산아쿠아리움
1856,307,부산 바다와 생태코스,(부산)송도해수욕장
1857,307,부산 바다와 생태코스,(부산)아미산전망대
1858,307,부산 바다와 생태코스,(부산)암남공원
1859,307,부산 바다와 생태코스,(부산)오륙도
1860,307,부산 바다와 생태코스,(부산)을숙도
1861,307,부산 바다와 생태코스,(부산)해동용궁사
1862,307,부산 바다와 생태코스,(부산)해운대 해수욕장
1863,코스ID,코스명,관광지명
1864,308,부산 역사와 전통 코스,(부산)BIFF 거리 극장
1865,308,부산 역사와 전통 코스,(부산)UN 기념공원
1866,308,부산 역사와 전통 코스,(부산)국제시장
1867,308,부산 역사와 전통 코스,(부산)금정산 금정8경
1868,308,부산 역사와 전통 코스,(부산)동래온천
1869,308,부산 역사와 전통 코스,(부산)복천박물관
1870,308,부산 역사와 전통 코스,(부산)부산박물관 문화체험관
1871,308,부산 역사와 전통 코스,(부산)용두산공원
1872,308,부산 역사와 전통 코스,(부산)자갈치마켓
1873,308,부산 역사와 전통 코스,(부산)충렬사
1874,308,부산 역사와 전통 코스,(부산)태종대 전망대
1875,309,카메라들고 부산여행,(부산)감천문화마을
1876,309,카메라들고 부산여행,(부산)광안대교(다이아몬드브릿지)
1877,309,카메라들고 부산여행,(부산)누리마루 APEC 하우스
1878,309,카메라들고 부산여행,(부산)다대포 해수욕장
1879,309,카메라들고 부산여행,(부산)달맞이고개
1880,309,카메라들고 부산여행,(부산)미포
1881,309,카메라들고 부산여행,(부산)영도문화의거리
1882,309,카메라들고 부산여행,(부산)오륙도
1883,309,카메라들고 부산여행,(부산)용두산공원
1884,309,카메라들고 부산여행,(부산)자갈치마켓시장
1885,309,카메라들고 부산여행,(부산)해동용궁사
1886,309,카메라들고 부산여행,(부산)황령산 봉수대
1887,코스ID,코스명,관광지명
1888,310,부산을 속속들이 대표 코스,(부산)BIFF 거리 극장
1889,310,부산을 속속들이 대표 코스,(부산)UN 기념공원
1890,310,부산을 속속들이 대표 코스,(부산)광안대교
1891,310,부산을 속속들이 대표 코스,(부산)국제시장
1892,310,부산을 속속들이 대표 코스,(부산)다대포 꿈의 낙조분수
1893,310,부산을 속속들이 대표 코스,(부산)달맞이고개
1894,310,부산을 속속들이 대표 코스,(부산)동래온천
1895,310,부산을 속속들이 대표 코스,(부산)범어사
1896,310,부산을 속속들이 대표 코스,(부산)부산박물관 문화체험관
1897,310,부산을 속속들이 대표 코스,(부산)아미산전망대
1898,310,부산을 속속들이 대표 코스,(부산)오륙도
1899,310,부산을 속속들이 대표 코스,(부산)용두산공원
1900,310,부산을 속속들이 대표 코스,(부산)을숙도 철새공원
1901,310,부산을 속속들이 대표 코스,(부산)자갈치마켓
1902,310,부산을 속속들이 대표 코스,(부산)태종대 전망대
1903,310,부산을 속속들이 대표 코스,(부산)해동용궁사
1904,310,부산을 속속들이 대표 코스,(부산)해운대 해수욕장
1905,311,대구 겨울여행_사랑낭만코스,(대구)김광석길
1906,311,대구 겨울여행_사랑낭만코스,(대구)들안길 먹거리타운
1907,311,대구 겨울여행_사랑낭만코스,(대구)수성랜드 아이스링크
1908,311,대구 겨울여행_사랑낭만코스,(대구)수성못
1909,311,대구 겨울여행_사랑낭만코스,(대구)이월드/83타워
1910,312,대구 겨울여행_사랑눈꽃코스,(대구)동성로
1911,312,대구 겨울여행_사랑눈꽃코스,(대구)팔공산 동화지구
1912,312,대구 겨울여행_사랑눈꽃코스,(대구)팔공산 하늘정원
1913,312,대구 겨울여행_사랑눈꽃코스,(대구)패션쥬얼리타운
1914,313,대구 가을추억 여행지_추억을 만들고,(대구)forRest 스파밸리
1915,313,대구 가을추억 여행지_추억을 만들고,(대구)대구미술관
1916,313,대구 가을추억 여행지_추억을 만들고,(대구)들안길먹거리타운
1917,313,대구 가을추억 여행지_추억을 만들고,(대구)수성못
1918,313,대구 가을추억 여행지_추억을 만들고,(대구)앞산공원 전망대
1919,313,대구 가을추억 여행지_추억을 만들고,(대구)앞산카페거리
1920,313,대구 가을추억 여행지_추억을 만들고,(대구)이월드/83타워
1921,313,대구 가을추억 여행지_추억을 만들고,(대구)힐크레스트 허브힐즈
1922,코스ID,코스명,관광지명
1923,314,대구 가을추억 여행지_멋을 즐기고,(대구)낙동강자전거길
1924,314,대구 가을추억 여행지_멋을 즐기고,(대구)대구수목원
1925,314,대구 가을추억 여행지_멋을 즐기고,(대구)도동서원
1926,314,대구 가을추억 여행지_멋을 즐기고,(대구)사문진주막촌
1927,314,대구 가을추억 여행지_멋을 즐기고,(대구)인흥마을
1928,314,대구 가을추억 여행지_멋을 즐기고,(대구)하중도
1929,314,대구 가을추억 여행지_멋을 즐기고,(대구)호산동메타세콰이어숲길
1930,315,대구 가을추억 여행지_낙엽을 밟다,(대구)동화사
1931,315,대구 가을추억 여행지_낙엽을 밟다,(대구)불로동 고분군
1932,315,대구 가을추억 여행지_낙엽을 밟다,(대구)신숭겸장군유적지
1933,315,대구 가을추억 여행지_낙엽을 밟다,(대구)팔공산산중전통장터
1934,315,대구 가을추억 여행지_낙엽을 밟다,(대구)팔공산올레1길
1935,315,대구 가을추억 여행지_낙엽을 밟다,(대구)팔공산하늘정원
1936,316,대구  Best of Best,(대구)근대골목
1937,316,대구  Best of Best,(대구)김광석길
1938,316,대구  Best of Best,(대구)동성로
1939,316,대구  Best of Best,(대구)동화사
1940,316,대구  Best of Best,(대구)이월드/83타워
1941,316,대구  Best of Best,(대구)팔공산하늘정원
1942,317,대구속 시간여행_도심 대표코스,(대구)가톨릭타운
1943,317,대구속 시간여행_도심 대표코스,(대구)김광석길
1944,317,대구속 시간여행_도심 대표코스,(대구)동성로
1945,317,대구속 시간여행_도심 대표코스,(대구)벨뱃갤러리 영도다움
1946,317,대구속 시간여행_도심 대표코스,(대구)삼성상회옛터
1947,317,대구속 시간여행_도심 대표코스,(대구)서문시장
1948,317,대구속 시간여행_도심 대표코스,(대구)약령시 한의학박물관
1949,317,대구속 시간여행_도심 대표코스,(대구)이월드/83타워
1950,318,뜻밖의 대구 탐방코스,(대구)forRest 스파밸리
1951,318,뜻밖의 대구 탐방코스,(대구)녹동서원
1952,318,뜻밖의 대구 탐방코스,(대구)대구미술관
1953,318,뜻밖의 대구 탐방코스,(대구)들안길먹거리타운
1954,318,뜻밖의 대구 탐방코스,(대구)수성못
1955,318,뜻밖의 대구 탐방코스,(대구)앞산공원 전망대
1956,318,뜻밖의 대구 탐방코스,(대구)힐크레스트 허브힐즈
1957,코스ID,코스명,관광지명
1958,319,금수강산-대구 느림보코스,(대구)강정고령보
1959,319,금수강산-대구 느림보코스,(대구)국립대구과학관
1960,319,금수강산-대구 느림보코스,(대구)대구수목원
1961,319,금수강산-대구 느림보코스,(대구)도동서원
1962,319,금수강산-대구 느림보코스,(대구)마비정 벽화마을
1963,319,금수강산-대구 느림보코스,(대구)비슬산자연휴양림
1964,320,대구 팔공산 힐링코스,(대구)갓바위
1965,320,대구 팔공산 힐링코스,(대구)동화사
1966,320,대구 팔공산 힐링코스,(대구)방짜유기박물관
1967,320,대구 팔공산 힐링코스,(대구)시민안전테마파크
1968,320,대구 팔공산 힐링코스,(대구)팔공산 하늘정원
1969,321,대구 장수와 부자코스,(대구)대구예술발전소
1970,321,대구 장수와 부자코스,(대구)북성로 공구박물관
1971,321,대구 장수와 부자코스,(대구)삼성상회옛터
1972,321,대구 장수와 부자코스,(대구)서문시장
1973,321,대구 장수와 부자코스,(대구)청라언덕
1974,321,대구 장수와 부자코스,(대구)향촌문화관
1975,322,광주 추천 관광코스_서울출발 1박2일,(광주)5·18자유공원
1976,322,광주 추천 관광코스_서울출발 1박2일,(광주)광주호 호수생태공원
1977,322,광주 추천 관광코스_서울출발 1박2일,(광주)김대중컨벤션센터
1978,322,광주 추천 관광코스_서울출발 1박2일,(광주)대인예술시장
1979,322,광주 추천 관광코스_서울출발 1박2일,(광주)양동시장
1980,322,광주 추천 관광코스_서울출발 1박2일,(광주)양림동역사문화마을 
1981,322,광주 추천 관광코스_서울출발 1박2일,(광주)원효사
1982,322,광주 추천 관광코스_서울출발 1박2일,(광주)월봉서원
1983,322,광주 추천 관광코스_서울출발 1박2일,(광주)환벽당/소쇄원
1984,323,광주 추천 관광코스_서울출발 2박3일,(광주)광주호 호수생태공원
1985,323,광주 추천 관광코스_서울출발 2박3일,(광주)국립5·18민주묘지
1986,323,광주 추천 관광코스_서울출발 2박3일,(광주)무등산
1987,323,광주 추천 관광코스_서울출발 2박3일,(광주)시립민속박물관
1988,323,광주 추천 관광코스_서울출발 2박3일,(광주)양림동역사문화마을
1989,323,광주 추천 관광코스_서울출발 2박3일,(광주)의재미술관
1990,323,광주 추천 관광코스_서울출발 2박3일,(광주)환벽당/소쇄원
1991,코스ID,코스명,관광지명
1992,324,광주 추천 관광코스_부산출발 1박2일,(광주)광주학생독립운동기념관
1993,324,광주 추천 관광코스_부산출발 1박2일,(광주)광주호 호수생태원
1994,324,광주 추천 관광코스_부산출발 1박2일,(광주)대인예술시장
1995,324,광주 추천 관광코스_부산출발 1박2일,(광주)무돌길
1996,324,광주 추천 관광코스_부산출발 1박2일,(광주)시립민속박물관
1997,324,광주 추천 관광코스_부산출발 1박2일,(광주)양림동역사문화마을
1998,324,광주 추천 관광코스_부산출발 1박2일,(광주)예술의거리
1999,325,광주 추천 관광코스_부산출발 2박3일,(광주)광주폴리
2000,325,광주 추천 관광코스_부산출발 2박3일,(광주)국립5·18민주묘지
2001,325,광주 추천 관광코스_부산출발 2박3일,(광주)국립광주박물관
2002,325,광주 추천 관광코스_부산출발 2박3일,(광주)대인예술시장
2003,325,광주 추천 관광코스_부산출발 2박3일,(광주)시립미술관
2004,325,광주 추천 관광코스_부산출발 2박3일,(광주)시립민속박물관
2005,325,광주 추천 관광코스_부산출발 2박3일,(광주)양동시장
2006,325,광주 추천 관광코스_부산출발 2박3일,(광주)양림동역사문화마을
2007,325,광주 추천 관광코스_부산출발 2박3일,(광주)월봉서원
2008,325,광주 추천 관광코스_부산출발 2박3일,(광주)의재미술관
2009,325,광주 추천 관광코스_부산출발 2박3일,(광주)증심사
2010,326,광주 추천 관광코스_제주출발 1박2일,(광주)광주김치타운
2011,326,광주 추천 관광코스_제주출발 1박2일,(광주)광주비엔날레
2012,326,광주 추천 관광코스_제주출발 1박2일,(광주)국립광주박물관
2013,326,광주 추천 관광코스_제주출발 1박2일,(광주)양림동역사문화마을
2014,326,광주 추천 관광코스_제주출발 1박2일,(광주)예술의거리
2015,326,광주 추천 관광코스_제주출발 1박2일,(광주)의재미술관
2016,326,광주 추천 관광코스_제주출발 1박2일,(광주)전통문화관
2017,326,광주 추천 관광코스_제주출발 1박2일,(광주)증심사
2018,327,광주 추천 관광코스_제주출발 2박3일,(광주)광주김치타운
2019,327,광주 추천 관광코스_제주출발 2박3일,(광주)광주호 호수생태공원
2020,327,광주 추천 관광코스_제주출발 2박3일,(광주)국립5·18민주묘지
2021,327,광주 추천 관광코스_제주출발 2박3일,(광주)국립광주박물관
2022,327,광주 추천 관광코스_제주출발 2박3일,(광주)김대중컨벤션센터
2023,327,광주 추천 관광코스_제주출발 2박3일,(광주)시립민속박물관
2024,327,광주 추천 관광코스_제주출발 2박3일,(광주)시화문화마을
2025,327,광주 추천 관광코스_제주출발 2박3일,(광주)양동시장
2026,327,광주 추천 관광코스_제주출발 2박3일,(광주)예술의거리
2027,코스ID,코스명,관광지명
2028,328,광주 추천 관광코스_전남출발 1박2일,(광주)광주김치타운
2029,328,광주 추천 관광코스_전남출발 1박2일,(광주)광주호 호수생태공원
2030,328,광주 추천 관광코스_전남출발 1박2일,(광주)국립5·18민주묘지
2031,328,광주 추천 관광코스_전남출발 1박2일,(광주)시립민속박물관
2032,328,광주 추천 관광코스_전남출발 1박2일,(광주)예술의거리
2033,328,광주 추천 관광코스_전남출발 1박2일,(광주)전통문화관
2034,328,광주 추천 관광코스_전남출발 1박2일,(광주)증심사
2035,328,광주 추천 관광코스_전남출발 1박2일,(광주)충장로
2036,329,광주 추천 관광코스_전남출발 2박3일,(광주)광주김치타운
2037,329,광주 추천 관광코스_전남출발 2박3일,(광주)광주호 호수생태공원
2038,329,광주 추천 관광코스_전남출발 2박3일,(광주)국립5·18민주묘지
2039,329,광주 추천 관광코스_전남출발 2박3일,(광주)국립광주박물관
2040,329,광주 추천 관광코스_전남출발 2박3일,(광주)무등산
2041,329,광주 추천 관광코스_전남출발 2박3일,(광주)양림동역사문화마을
2042,329,광주 추천 관광코스_전남출발 2박3일,(광주)전통문화관
2043,329,광주 추천 관광코스_전남출발 2박3일,(광주)증심사
2044,329,광주 추천 관광코스_전남출발 2박3일,(광주)충장로
2045,330,광주 수학여행 1박2일 관광코스,(광주)국립5·18민주묘지
2046,330,광주 수학여행 1박2일 관광코스,(광주)기아자동차 광주공장
2047,330,광주 수학여행 1박2일 관광코스,(광주)남도향토음식박물관
2048,330,광주 수학여행 1박2일 관광코스,(광주)빛고을공예창작촌
2049,330,광주 수학여행 1박2일 관광코스,(광주)운림제
2050,330,광주 수학여행 1박2일 관광코스,(광주)전통문화관
2051,330,광주 수학여행 1박2일 관광코스,I(광주)T스퀘어
2052,331,광주 수학여행 2박3일 관광코스,(광주)T스퀘어
2053,331,광주 수학여행 2박3일 관광코스,(광주)고싸움테마파크
2054,331,광주 수학여행 2박3일 관광코스,(광주)광주김치타운
2055,331,광주 수학여행 2박3일 관광코스,(광주)기아자동차 광주공장
2056,331,광주 수학여행 2박3일 관광코스,(광주)남도향토음식박물관
2057,331,광주 수학여행 2박3일 관광코스,(광주)빛고을공예창작촌
2058,331,광주 수학여행 2박3일 관광코스,(광주)시립민속박물관
2059,331,광주 수학여행 2박3일 관광코스,(광주)전통문화관
2060,코스ID,코스명,관광지명
2061,332,광주 수학여행 2박3일 관광코스-축제 연계,(광주)T스퀘어
2062,332,광주 수학여행 2박3일 관광코스-축제 연계,(광주)광주비엔날레
2063,332,광주 수학여행 2박3일 관광코스-축제 연계,(광주)기아자동차 광주공장
2064,332,광주 수학여행 2박3일 관광코스-축제 연계,(광주)남도향토음식박물관
2065,332,광주 수학여행 2박3일 관광코스-축제 연계,(광주)빛고을공예창작촌
2066,332,광주 수학여행 2박3일 관광코스-축제 연계,(광주)시립미술관
2067,332,광주 수학여행 2박3일 관광코스-축제 연계,(광주)시립민속박물관
2068,332,광주 수학여행 2박3일 관광코스-축제 연계,(광주)전통문화관
2069,333,호남권 연계 관광코스_서울출발 1박2 일,(광주)대인예술시장
2070,333,호남권 연계 관광코스_서울출발 1박2 일,(광주)백양사
2071,333,호남권 연계 관광코스_서울출발 1박2 일,(광주)양림동역사문화마을
2072,333,호남권 연계 관광코스_서울출발 1박2 일,(군산)새만금방조제
2073,333,호남권 연계 관광코스_서울출발 1박2 일,(담양)메타세퀘이어길
2074,333,호남권 연계 관광코스_서울출발 1박2 일,(담양)소쇄원
2075,333,호남권 연계 관광코스_서울출발 1박2 일,(담양)죽녹원
2076,333,호남권 연계 관광코스_서울출발 1박2 일,(부안)채석강
2077,334,호남권 연계 관광코스_서울출발 2박3 일,(고창)선운사
2078,334,호남권 연계 관광코스_서울출발 2박3 일,(광주)T스퀘어
2079,334,호남권 연계 관광코스_서울출발 2박3 일,(광주)국립5·18민주묘지
2080,334,호남권 연계 관광코스_서울출발 2박3 일,(광주)국립광주박물관
2081,334,호남권 연계 관광코스_서울출발 2박3 일,(광주)박용철생가
2082,334,호남권 연계 관광코스_서울출발 2박3 일,(광주)전통문화관
2083,334,호남권 연계 관광코스_서울출발 2박3 일,(광주)풍영정
2084,334,호남권 연계 관광코스_서울출발 2박3 일,(군산)새만금방조제
2085,334,호남권 연계 관광코스_서울출발 2박3 일,(나주)나주천연염색박물관
2086,334,호남권 연계 관광코스_서울출발 2박3 일,(담양)메타세퀘이어길
2087,334,호남권 연계 관광코스_서울출발 2박3 일,(담양)소쇄원
2088,334,호남권 연계 관광코스_서울출발 2박3 일,(담양)죽녹원
2089,334,호남권 연계 관광코스_서울출발 2박3 일,(신안)증도 슬로우시티
2090,334,호남권 연계 관광코스_서울출발 2박3 일,(영광)백수해안도로
2091,334,호남권 연계 관광코스_서울출발 2박3 일,(영광)법성포불교도래지
2092,코스ID,코스명,관광지명
2093,335,호남권 연계 관광코스_부산출발 1박2 일,(광주)의재미술관
2094,335,호남권 연계 관광코스_부산출발 1박2 일,(광주)증심사
2095,335,호남권 연계 관광코스_부산출발 1박2 일,(순천)송광사
2096,335,호남권 연계 관광코스_부산출발 1박2 일,(여수)여수엑스포
2097,335,호남권 연계 관광코스_부산출발 1박2 일,(전주)금산사
2098,335,호남권 연계 관광코스_부산출발 1박2 일,(전주)한옥마을
2099,336,호남권 연계 관광코스_부산출발 2박3 일,(고창)고창읍성
2100,336,호남권 연계 관광코스_부산출발 2박3 일,(광주)국립광주박물관
2101,336,호남권 연계 관광코스_부산출발 2박3 일,(광주)대인예술시장
2102,336,호남권 연계 관광코스_부산출발 2박3 일,(광주)전통문화관
2103,336,호남권 연계 관광코스_부산출발 2박3 일,(광주)증심사
2104,336,호남권 연계 관광코스_부산출발 2박3 일,(보성)보성녹차밭
2105,336,호남권 연계 관광코스_부산출발 2박3 일,(부안)개암사
2106,336,호남권 연계 관광코스_부산출발 2박3 일,(부안)내소사
2107,336,호남권 연계 관광코스_부산출발 2박3 일,(부안)채석강
2108,336,호남권 연계 관광코스_부산출발 2박3 일,(여수)여수엑스포
2109,336,호남권 연계 관광코스_부산출발 2박3 일,(화순)운주사
2110,337,호남권 연계 관광코스_제주출발 1박2 일,(광주)국립5·18민주묘지
2111,337,호남권 연계 관광코스_제주출발 1박2 일,(광주)충장사
2112,337,호남권 연계 관광코스_제주출발 1박2 일,(담양)소쇄원
2113,337,호남권 연계 관광코스_제주출발 1박2 일,(장흥)우드랜드
2114,337,호남권 연계 관광코스_제주출발 1박2 일,(전주)한옥마을
2115,337,호남권 연계 관광코스_제주출발 1박2 일,(화순)운주사
2116,337,호남권 연계 관광코스_제주출발 1박2 일,(환순)도곡온천
2117,코스ID,코스명,관광지명
2118,338,호남권 연계 관광코스_제주출발 2박3 일,(광주)국립5·18민주묘지
2119,338,호남권 연계 관광코스_제주출발 2박3 일,(광주)빛고을공예창작촌
2120,338,호남권 연계 관광코스_제주출발 2박3 일,(광주)포충사
2121,338,호남권 연계 관광코스_제주출발 2박3 일,(나주)나주천연염색박물관
2122,338,호남권 연계 관광코스_제주출발 2박3 일,(나주)반남고분군
2123,338,호남권 연계 관광코스_제주출발 2박3 일,(남원)광한루
2124,338,호남권 연계 관광코스_제주출발 2박3 일,(남원)뱀사골
2125,338,호남권 연계 관광코스_제주출발 2박3 일,(남원)실상사
2126,338,호남권 연계 관광코스_제주출발 2박3 일,(담양)메타세퀘이어길
2127,338,호남권 연계 관광코스_제주출발 2박3 일,(담양)죽녹원
2128,338,호남권 연계 관광코스_제주출발 2박3 일,(순창)고추장마을
2129,338,호남권 연계 관광코스_제주출발 2박3 일,(영암)왕인박사유적지
2130,338,호남권 연계 관광코스_제주출발 2박3 일,(해남)녹우당
2131,338,호남권 연계 관광코스_제주출발 2박3 일,(해남)미황사
2132,338,호남권 연계 관광코스_제주출발 2박3 일,(해남)해남땅끝
2133,339,맛있는 공연 “비밥”과 함께하는 역사 여행,(인천)동화마을
2134,339,맛있는 공연 “비밥”과 함께하는 역사 여행,(인천)신포국제시장
2135,339,맛있는 공연 “비밥”과 함께하는 역사 여행,(인천)연안부두 해양광장
2136,339,맛있는 공연 “비밥”과 함께하는 역사 여행,(인천)월미공원
2137,339,맛있는 공연 “비밥”과 함께하는 역사 여행,(인천)인천개항박물관
2138,339,맛있는 공연 “비밥”과 함께하는 역사 여행,(인천)인천아트플랫폼
2139,339,맛있는 공연 “비밥”과 함께하는 역사 여행,(인천)자유공원
2140,339,맛있는 공연 “비밥”과 함께하는 역사 여행,(인천)중구문화회관
2141,339,맛있는 공연 “비밥”과 함께하는 역사 여행,(인천)차이나타운
2142,340,인천 중구의 멋과 맛을 찾아서,(인천)개항장 역사문화지구
2143,340,인천 중구의 멋과 맛을 찾아서,(인천)동화마을
2144,340,인천 중구의 멋과 맛을 찾아서,(인천)무의도
2145,340,인천 중구의 멋과 맛을 찾아서,(인천)연안부두(해수탕)
2146,340,인천 중구의 멋과 맛을 찾아서,(인천)월미공원
2147,340,인천 중구의 멋과 맛을 찾아서,(인천)중구문화회관
2148,340,인천 중구의 멋과 맛을 찾아서,(인천)차이나타운
2149,코스ID,코스명,관광지명
2150,341,1박2일 대전 체류관광,(대전)계족산
2151,341,1박2일 대전 체류관광,(대전)뿌리공원
2152,341,1박2일 대전 체류관광,(대전)엑스포과학공원
2153,341,1박2일 대전 체류관광,(대전)엑스포다리
2154,341,1박2일 대전 체류관광,(대전)오월드
2155,341,1박2일 대전 체류관광,(대전)지질박물관
2156,341,1박2일 대전 체류관광,(대전)한밭수목원
2157,341,1박2일 대전 체류관광,(대전)화폐박물관
2158,342,2박3일 대전/충청 연계관광,(대전)계족산
2159,342,2박3일 대전/충청 연계관광,(대전)뿌리공원
2160,342,2박3일 대전/충청 연계관광,(대전)엑스포과학공원
2161,342,2박3일 대전/충청 연계관광,(대전)엑스포다리
2162,342,2박3일 대전/충청 연계관광,(대전)오월드
2163,342,2박3일 대전/충청 연계관광,(대전)지질박물관
2164,342,2박3일 대전/충청 연계관광,(대전)한밭수목원
2165,342,2박3일 대전/충청 연계관광,(대전)화폐박물관
2166,342,2박3일 대전/충청 연계관광,(청주)문의문화재단지
2167,342,2박3일 대전/충청 연계관광,(청주)상수허브랜드
2168,342,2박3일 대전/충청 연계관광,(청주)청남대
2169,343,울산 드라마 촬영지와 하늘억새길,(울산)간월재
2170,343,울산 드라마 촬영지와 하늘억새길,(울산)간절곶
2171,343,울산 드라마 촬영지와 하늘억새길,(울산)대왕암대공원
2172,343,울산 드라마 촬영지와 하늘억새길,(울산)신불산
2173,343,울산 드라마 촬영지와 하늘억새길,(울산)신불재
2174,343,울산 드라마 촬영지와 하늘억새길,(울산)영축산
2175,343,울산 드라마 촬영지와 하늘억새길,(울산)일산해수욕장
2176,343,울산 드라마 촬영지와 하늘억새길,(울산)주전·강동해변
2177,343,울산 드라마 촬영지와 하늘억새길,(울산)진하해수욕장
2178,코스ID,코스명,관광지명
2179,344,울산 산업관광과 역사유적코스,(울산)간월사지
2180,344,울산 산업관광과 역사유적코스,(울산)박제상 유적지
2181,344,울산 산업관광과 역사유적코스,(울산)반구대 암각화
2182,344,울산 산업관광과 역사유적코스,(울산)석남사
2183,344,울산 산업관광과 역사유적코스,(울산)울산암각화박물관
2184,344,울산 산업관광과 역사유적코스,(울산)울주 천전리각석
2185,344,울산 산업관광과 역사유적코스,(울산)작괘천
2186,344,울산 산업관광과 역사유적코스,(울산)현대자동차
2187,344,울산 산업관광과 역사유적코스,(울산)현대중공업
2188,345,울산 생태 체험코스,(울산)외고산옹기마을
2189,345,울산 생태 체험코스,(울산)울산대공원
2190,345,울산 생태 체험코스,(울산)울산박물관
2191,345,울산 생태 체험코스,(울산)울산체육공원
2192,345,울산 생태 체험코스,(울산)태화강대공원
2193,346,세종 문화탐방코스,(세종)교과서박물관
2194,346,세종 문화탐방코스,(세종)뒤웅박고을
2195,346,세종 문화탐방코스,(세종)비암사
2196,346,세종 문화탐방코스,(세종)세종전통시장
2197,346,세종 문화탐방코스,(세종)시립 민속박물관
2198,346,세종 문화탐방코스,(세종)영평사
2199,347,세종 자연관찰코스,(세종)고복자연공원
2200,347,세종 자연관찰코스,(세종)금강자연휴양림
2201,347,세종 자연관찰코스,(세종)베어트리파크
2202,347,세종 자연관찰코스,(세종)조천연꽃공원
2203,348,세종 역사 걷기코스,(세종)금강대도
2204,348,세종 역사 걷기코스,(세종)금이성
2205,348,세종 역사 걷기코스,(세종)김종서장군묘
2206,348,세종 역사 걷기코스,(세종)문절사
2207,348,세종 역사 걷기코스,(세종)봉산동향나무
2208,348,세종 역사 걷기코스,(세종)운주산성
2209,349,세종 도시관광코스,(세종)독락정
2210,349,세종 도시관광코스,(세종)밀마루전망대
2211,349,세종 도시관광코스,(세종)세종보
2212,349,세종 도시관광코스,(세종)세종호수공원
2213,349,세종 도시관광코스,(세종)우주측지관측센터
2214,349,세종 도시관광코스,(세종)합강공원오토캠핑장
2215,코스ID,코스명,관광지명
2216,350,양평 관광과 레저형 코스,(양평)두물머리
2217,350,양평 관광과 레저형 코스,(양평)몽양여운형기념관
2218,350,양평 관광과 레저형 코스,(양평)미리내승마클럽
2219,350,양평 관광과 레저형 코스,(양평)민물고기생태박물관
2220,350,양평 관광과 레저형 코스,(양평)양평레일바이크
2221,350,양평 관광과 레저형 코스,(양평)용문산관광지
2222,351,양평 농촌체험과 문학형 코스,(양평)보릿고개마을
2223,351,양평 농촌체험과 문학형 코스,(양평)세미원
2224,351,양평 농촌체험과 문학형 코스,(양평)양평물소리길
2225,351,양평 농촌체험과 문학형 코스,(양평)친환경농업박물관
2226,351,양평 농촌체험과 문학형 코스,(양평)황순원문학촌 소나기마을
2227,352,양평 등산과 관광형 코스,(양평)두물머리
2228,352,양평 등산과 관광형 코스,(양평)들꽃수목원
2229,352,양평 등산과 관광형 코스,(양평)양평군립미술관
2230,352,양평 등산과 관광형 코스,(양평)양평레일바이크
2231,352,양평 등산과 관광형 코스,(양평)용문산
2232,352,양평 등산과 관광형 코스,(양평)용문산관광지
2233,353,홍천~인제~고성~속초 1박2일,(고성)김일성 별장
2234,353,홍천~인제~고성~속초 1박2일,(고성)통일전망대
2235,353,홍천~인제~고성~속초 1박2일,(속초)대포항
2236,353,홍천~인제~고성~속초 1박2일,(속초)등대전망대
2237,353,홍천~인제~고성~속초 1박2일,(속초)아바이마을
2238,353,홍천~인제~고성~속초 1박2일,(인제)번지점프
2239,353,홍천~인제~고성~속초 1박2일,(홍천)수타사
2240,354,평창~강릉~양양 2박3일 낭만여행,(강릉)대관령 양떼목장
2241,354,평창~강릉~양양 2박3일 낭만여행,(강릉)바우길5코스
2242,354,평창~강릉~양양 2박3일 낭만여행,(강릉)오죽헌
2243,354,평창~강릉~양양 2박3일 낭만여행,(강릉)커피거리
2244,354,평창~강릉~양양 2박3일 낭만여행,(양양)낙산사
2245,354,평창~강릉~양양 2박3일 낭만여행,(평창)허브나라
2246,354,평창~강릉~양양 2박3일 낭만여행,(평창)효석문학관
2247,코스ID,코스명,관광지명
2248,355,태백~삼척 2박3일 집중탐구코스,(삼척)너와마을
2249,355,태백~삼척 2박3일 집중탐구코스,(삼척)삼척온천
2250,355,태백~삼척 2박3일 집중탐구코스,(삼척)이사부사자공원
2251,355,태백~삼척 2박3일 집중탐구코스,(삼척)해양레일바이크
2252,355,태백~삼척 2박3일 집중탐구코스,(삼척)환선굴
2253,355,태백~삼척 2박3일 집중탐구코스,(태백)검룡소
2254,355,태백~삼척 2박3일 집중탐구코스,(태백)고생대자연사박물관
2255,355,태백~삼척 2박3일 집중탐구코스,(태백)구문소
2256,355,태백~삼척 2박3일 집중탐구코스,(태백)바람의언덕
2257,355,태백~삼척 2박3일 집중탐구코스,(태백)석탄박물관
2258,355,태백~삼척 2박3일 집중탐구코스,(태백)태백산
2259,355,태백~삼척 2박3일 집중탐구코스,(태백)황지연못
2260,356,강원 오감만족 여행코스,(강릉)경포대
2261,356,강원 오감만족 여행코스,(강릉)정동진
2262,356,강원 오감만족 여행코스,(강릉)주문진수산시장
2263,356,강원 오감만족 여행코스,(강릉)커피거리
2264,356,강원 오감만족 여행코스,(속초)아바이마을
2265,356,강원 오감만족 여행코스,(영월)청령포
2266,356,강원 오감만족 여행코스,(원주)허브팜
2267,356,강원 오감만족 여행코스,(태백)검룡소
2268,357,아이들과 떠나는 옛여행 강릉코스,(강릉)경포대
2269,357,아이들과 떠나는 옛여행 강릉코스,(강릉)단오문화관
2270,357,아이들과 떠나는 옛여행 강릉코스,(강릉)대관령박물관
2271,357,아이들과 떠나는 옛여행 강릉코스,(강릉)오죽헌
2272,357,아이들과 떠나는 옛여행 강릉코스,(강릉)통일공원
2273,358,강원 오감만족 코스,(고성)거진항
2274,358,강원 오감만족 코스,(고성)통일전망대
2275,358,강원 오감만족 코스,(속초)대포항
2276,358,강원 오감만족 코스,(속초)설악산케이블카
2277,358,강원 오감만족 코스,(속초)천산온천
2278,358,강원 오감만족 코스,(양양)남애항
2279,358,강원 오감만족 코스,(양양)하조대
2280,358,강원 오감만족 코스,(춘천)소양강댐
2281,358,강원 오감만족 코스,(춘천)애니메이션박물관
2282,358,강원 오감만족 코스,(횡성)올챙이추억 전시관
2283,코스ID,코스명,관광지명
2284,359,가을해변 아트여행코스,(강릉)정동진
2285,359,가을해변 아트여행코스,(강릉)하슬라아트월드
2286,359,가을해변 아트여행코스,(동해)고래화석박물관
2287,359,가을해변 아트여행코스,(동해)망상해변
2288,360,화랑이 즐겨먹는 충북 웰빙밥상여행,(증평)민속체험박물관
2289,360,화랑이 즐겨먹는 충북 웰빙밥상여행,(증평)증평장뜰전통시장
2290,360,화랑이 즐겨먹는 충북 웰빙밥상여행,(진천)길상사
2291,360,화랑이 즐겨먹는 충북 웰빙밥상여행,(진천)농다리
2292,360,화랑이 즐겨먹는 충북 웰빙밥상여행,(진천)진천종박물관
2293,360,화랑이 즐겨먹는 충북 웰빙밥상여행,(청원)운보의집
2294,360,화랑이 즐겨먹는 충북 웰빙밥상여행,(청주)문의문화재단지
2295,360,화랑이 즐겨먹는 충북 웰빙밥상여행,(청주)상수허브랜드
2296,361,충북 알짜배기 녹색체험 여행,(보은)법주사
2297,361,충북 알짜배기 녹색체험 여행,(보은)삼년산성
2298,361,충북 알짜배기 녹색체험 여행,(보은)선병국가옥
2299,361,충북 알짜배기 녹색체험 여행,(청주)상수허브랜드
2300,361,충북 알짜배기 녹색체험 여행,(청주)수암골
2301,362,남한강 뱃길로 이어지는 알짜배기 충 북여행,(단양)고수동굴
2302,362,남한강 뱃길로 이어지는 알짜배기 충 북여행,(단양)도담삼봉
2303,362,남한강 뱃길로 이어지는 알짜배기 충 북여행,(음성)반기문총장생가
2304,362,남한강 뱃길로 이어지는 알짜배기 충 북여행,(제천)청풍문화재단지
2305,362,남한강 뱃길로 이어지는 알짜배기 충 북여행,(제천)청풍호유람선
2306,362,남한강 뱃길로 이어지는 알짜배기 충 북여행,(충주)미륵리사지
2307,362,남한강 뱃길로 이어지는 알짜배기 충 북여행,(충주)수안보온천
2308,363,충북 인기관광지 베스트,(단양)고수동굴
2309,363,충북 인기관광지 베스트,(단양)도담삼봉
2310,363,충북 인기관광지 베스트,(단양)충주호유람선
2311,363,충북 인기관광지 베스트,(보은)법주사
2312,363,충북 인기관광지 베스트,(보은)삼년산성
2313,363,충북 인기관광지 베스트,(청주)상수허브랜드
2314,363,충북 인기관광지 베스트,(청주)청남대
2315,코스ID,코스명,관광지명
2316,364,충북 문화명소 미식투어,(괴산)화양구곡
2317,364,충북 문화명소 미식투어,(영동)난계국악전수관
2318,364,충북 문화명소 미식투어,(옥천)장계관광지
2319,364,충북 문화명소 미식투어,(옥천)정지용문학관
2320,364,충북 문화명소 미식투어,(청주)상수허브랜드
2321,364,충북 문화명소 미식투어,(청주)수암골벽화마을
2322,364,충북 문화명소 미식투어,(청주)초정약수
2323,365,충북 생명 축제와 별 체험 여행,(증평)좌구산 천문대
2324,365,충북 생명 축제와 별 체험 여행,(청주)미래지테마공원
2325,365,충북 생명 축제와 별 체험 여행,(청주)성안길
2326,365,충북 생명 축제와 별 체험 여행,(청주)오송국제바이오산업엑스포
2327,365,충북 생명 축제와 별 체험 여행,(청주)육거리시장
2328,365,충북 생명 축제와 별 체험 여행,(청주)청남대
2329,366,충북 추억의 신혼여행!,(괴산)산막이 옛길
2330,366,충북 추억의 신혼여행!,(괴산)조령 제3관문
2331,366,충북 추억의 신혼여행!,(충주)미륵대원지
2332,366,충북 추억의 신혼여행!,(충주)세계술박물관 리쿼리움
2333,366,충북 추억의 신혼여행!,(충주)수안보 온천
2334,366,충북 추억의 신혼여행!,(충주)충주고구려비
2335,366,충북 추억의 신혼여행!,(충주)탄금대
2336,367,소중한 아이와 충북에서 가을추억 만 들기,(음성)반기문총장생가
2337,367,소중한 아이와 충북에서 가을추억 만 들기,(증평)민속체험박물관
2338,367,소중한 아이와 충북에서 가을추억 만 들기,(진천)김유신 탄생지
2339,367,소중한 아이와 충북에서 가을추억 만 들기,(진천)농다리
2340,367,소중한 아이와 충북에서 가을추억 만 들기,(진천)종박물관
2341,367,소중한 아이와 충북에서 가을추억 만 들기,(청원)운보의집
2342,367,소중한 아이와 충북에서 가을추억 만 들기,(청주)초정약수
2343,368,친구야! 수학여행 가자!,(보은)법주사
2344,368,친구야! 수학여행 가자!,(보은)선병국가옥
2345,368,친구야! 수학여행 가자!,(영동)난계국악박물관
2346,368,친구야! 수학여행 가자!,(영동)옥계폭포
2347,368,친구야! 수학여행 가자!,(영동)와인코리아
2348,368,친구야! 수학여행 가자!,(옥천)육영수 생가
2349,368,친구야! 수학여행 가자!,(옥천)정지용문학관
2350,코스ID,코스명,관광지명
2351,369,우리가족 충북 힐링 여행,(단양)고수동굴
2352,369,우리가족 충북 힐링 여행,(단양)다누리 아쿠아리움
2353,369,우리가족 충북 힐링 여행,(단양)도담삼봉
2354,369,우리가족 충북 힐링 여행,(단양)장회나루
2355,369,우리가족 충북 힐링 여행,(제천)청풍문화재단지
2356,369,우리가족 충북 힐링 여행,(체천)청풍호 관광모노레일
2357,370,"올해의 관광도시, 제천으로!",(제천)의림지
2358,370,"올해의 관광도시, 제천으로!",(제천)청풍랜드
2359,370,"올해의 관광도시, 제천으로!",(제천)청풍문화재단지
2360,370,"올해의 관광도시, 제천으로!",(제천)한방엑스포공원
2361,370,"올해의 관광도시, 제천으로!",(체천)청풍호 관광모노레일
2362,371,천주교 신앙의 근원지 성지순례!,(괴산)연풍성지
2363,371,천주교 신앙의 근원지 성지순례!,(음성)감곡매괴성당
2364,371,천주교 신앙의 근원지 성지순례!,(음성)음성꽃동네
2365,371,천주교 신앙의 근원지 성지순례!,(제천)배론성지
2366,371,천주교 신앙의 근원지 성지순례!,(제천)청풍문화재단지
2367,371,천주교 신앙의 근원지 성지순례!,(진천)배티성지
2368,371,천주교 신앙의 근원지 성지순례!,(충주)수안보 온천
2369,372,아이들과 함께하는 휴식과 체험여행,(서산)해미성지
2370,372,아이들과 함께하는 휴식과 체험여행,(서산)해미읍성
2371,372,아이들과 함께하는 휴식과 체험여행,(예산)리솜스파캐슬
2372,372,아이들과 함께하는 휴식과 체험여행,(예산)충의사
2373,373,힐링 천안 가족여행,(천안)각원사
2374,373,힐링 천안 가족여행,(천안)상록리조트 아쿠아피아
2375,373,힐링 천안 가족여행,(천안)우정박물관
2376,373,힐링 천안 가족여행,(천안)천안박물관
2377,374,유황온천으로 몸과 마음도 힐링,(아산)도고 파라다이스 스파
2378,374,유황온천으로 몸과 마음도 힐링,(아산)세계꽃식물원
2379,374,유황온천으로 몸과 마음도 힐링,(아산)아산레일바이크
2380,374,유황온천으로 몸과 마음도 힐링,(아산)천연기념물 백송
2381,374,유황온천으로 몸과 마음도 힐링,(아산)추사고택
2382,375,천안으로 떠나는 테마파크와 역사탐방,(천안)독립기념관
2383,375,천안으로 떠나는 테마파크와 역사탐방,(천안)유관순열사기념관
2384,375,천안으로 떠나는 테마파크와 역사탐방,(천안)테딘워터파크
2385,코스ID,코스명,관광지명
2386,376,"서천,서산으로 떠나는 역사여행",(서산)계암고택
2387,376,"서천,서산으로 떠나는 역사여행",(서산)동문동성당
2388,376,"서천,서산으로 떠나는 역사여행",(서산)상흥리 공소
2389,376,"서천,서산으로 떠나는 역사여행",(서산)서산동부시장
2390,376,"서천,서산으로 떠나는 역사여행",(서산)해미성지
2391,376,"서천,서산으로 떠나는 역사여행",(서산)해미읍성
2392,376,"서천,서산으로 떠나는 역사여행",(서천)희리산
2393,376,"서천,서산으로 떠나는 역사여행",(서천서천특화시장
2394,376,"서천,서산으로 떠나는 역사여행",(서천희리산해송자연휴양림
2395,377,"쉼, 낭만, 추억의 충남 속으로",(보령)무창포항
2396,377,"쉼, 낭만, 추억의 충남 속으로",(보령)석탄박물관
2397,377,"쉼, 낭만, 추억의 충남 속으로",(보령)성주사지
2398,377,"쉼, 낭만, 추억의 충남 속으로",(부여)무량사
2399,377,"쉼, 낭만, 추억의 충남 속으로",(예산)봉수산자연휴양림
2400,377,"쉼, 낭만, 추억의 충남 속으로",(예산)의좋은형제공원
2401,377,"쉼, 낭만, 추억의 충남 속으로",(청양)천장호 출렁다리
2402,377,"쉼, 낭만, 추억의 충남 속으로",(청양)칠갑호
2403,378,태안 솔모랫길,(예산)광시암소한우촌
2404,378,태안 솔모랫길,(예산)리솜스파캐슬
2405,378,태안 솔모랫길,(예산)한국고건축박물관
2406,378,태안 솔모랫길,(태안)고남패총박물관
2407,378,태안 솔모랫길,(태안)솔모랫길
2408,378,태안 솔모랫길,(태안)안면도자연휴양림
2409,378,태안 솔모랫길,(태안)영목항
2410,379,영산강 황포돛배/청산도 1박2일,(나주)영산강황포돛배
2411,379,영산강 황포돛배/청산도 1박2일,(보성)보성차밭
2412,379,영산강 황포돛배/청산도 1박2일,(완도)완도
2413,379,영산강 황포돛배/청산도 1박2일,(완도)청산도 올레길
2414,379,영산강 황포돛배/청산도 1박2일,(해남)미황사
2415,380,문화체험이함께하는남도명소탐방 ,(목포)종합수산시장
2416,380,문화체험이함께하는남도명소탐방 ,(무안)전남도립국악단
2417,380,문화체험이함께하는남도명소탐방 ,(보성)보성녹차밭
2418,380,문화체험이함께하는남도명소탐방 ,(순천)순천만
2419,380,문화체험이함께하는남도명소탐방 ,(진도)운림산방
2420,380,문화체험이함께하는남도명소탐방 ,(해남)울돌목 거북배
2421,코스ID,코스명,관광지명
2422,381,삼지내마을과 보성 대원사 벚꽃길,(담양)메타세콰이어 가로수길
2423,381,삼지내마을과 보성 대원사 벚꽃길,(담양)삼지내마을
2424,381,삼지내마을과 보성 대원사 벚꽃길,(담양)죽녹원
2425,381,삼지내마을과 보성 대원사 벚꽃길,(순천)고인돌 공원
2426,382,남도여행 서부권 1박 2일,(무안)전남도립국악단
2427,382,남도여행 서부권 1박 2일,(보성)보성녹차밭
2428,382,남도여행 서부권 1박 2일,(순천)낙안읍성민속마을
2429,383,다도해일주 3일,(완도)보길도
2430,383,다도해일주 3일,(진도)녹진전망대
2431,383,다도해일주 3일,(진도)운림산방
2432,383,다도해일주 3일,(함평)국향대전
2433,383,다도해일주 3일,(함평)꽃무릇공원
2434,383,다도해일주 3일,(해남)땅끝전망대
2435,384,내나라여행 다도해일주 3일,(목포)유달산
2436,384,내나라여행 다도해일주 3일,(영광)법성포
2437,384,내나라여행 다도해일주 3일,(영암)영암 F1경기장
2438,384,내나라여행 다도해일주 3일,(해남)땅끝마을
2439,385,거유명현의 흔적을 찾아 안동 여행,(안동)농암종택
2440,385,거유명현의 흔적을 찾아 안동 여행,(안동)도산서원
2441,385,거유명현의 흔적을 찾아 안동 여행,(안동)안동댐
2442,385,거유명현의 흔적을 찾아 안동 여행,(안동)오천군자리
2443,385,거유명현의 흔적을 찾아 안동 여행,(안동)이육사문학관
2444,385,거유명현의 흔적을 찾아 안동 여행,(안동)퇴계태실
2445,385,거유명현의 흔적을 찾아 안동 여행,(안동)한국국학진흥원
2446,386,시티투어 버스를 타고 떠나는 제주 시 티 여행,(제주)관덕정
2447,386,시티투어 버스를 타고 떠나는 제주 시 티 여행,(제주)국립제주박물관
2448,386,시티투어 버스를 타고 떠나는 제주 시 티 여행,(제주)노루생태관찰원
2449,386,시티투어 버스를 타고 떠나는 제주 시 티 여행,(제주)동문재래시장
2450,386,시티투어 버스를 타고 떠나는 제주 시 티 여행,(제주)용두암
2451,386,시티투어 버스를 타고 떠나는 제주 시 티 여행,(제주)절물자연휴양림
2452,386,시티투어 버스를 타고 떠나는 제주 시 티 여행,(제주)제주4·3평화공원
2453,386,시티투어 버스를 타고 떠나는 제주 시 티 여행,(제주)한라생태숲
2454,코스ID,코스명,관광지명
2455,387,제주의 역사와 문화여행,(서귀포)김영갑갤러리두모악
2456,387,제주의 역사와 문화여행,(서귀포)김정희유배지
2457,387,제주의 역사와 문화여행,(서귀포)서귀포시립기당미술관
2458,387,제주의 역사와 문화여행,(서귀포)이중섭미술관
2459,387,제주의 역사와 문화여행,(서귀포)제주민속촌박물관
2460,387,제주의 역사와 문화여행,(제주)국립제주박물관
2461,387,제주의 역사와 문화여행,(제주)제주도립미술관
2462,387,제주의 역사와 문화여행,(제주)제주돌마을공원
2463,387,제주의 역사와 문화여행,(제주)제주민속자연사박물관
2464,387,제주의 역사와 문화여행,(제주)제주해녀박물관
2465,387,제주의 역사와 문화여행,(제주)제주현대미술관
2466,388,비 오는 날 비가 오면 더 예뻐지는 제 주,(서귀포)엉또폭포
2467,388,비 오는 날 비가 오면 더 예뻐지는 제 주,(제주)5.16도로숲터널
2468,388,비 오는 날 비가 오면 더 예뻐지는 제 주,(제주)오월의 꽃
2469,388,비 오는 날 비가 오면 더 예뻐지는 제 주,(제주)한림공원
2470,389,다이내믹 제주 해안도로,(서귀포)성산일출봉
2471,389,다이내믹 제주 해안도로,(서귀포)일출랜드
2472,389,다이내믹 제주 해안도로,(제주)세화해변
2473,389,다이내믹 제주 해안도로,(제주)세화해안도로
2474,389,다이내믹 제주 해안도로,(제주)우도해양도립공원
2475,389,다이내믹 제주 해안도로,(제주)제주해녀박물관
2476,389,다이내믹 제주 해안도로,(제주)토끼섬
2477,389,다이내믹 제주 해안도로,(제주)하도해변
2478,390,커플끼리 여행,(서귀포)새섬
2479,390,커플끼리 여행,(서귀포)섭지코지
2480,390,커플끼리 여행,(서귀포)제주월드컵경기장
2481,390,커플끼리 여행,(서귀포)제주유리박물관
2482,390,커플끼리 여행,(서귀포)제주테디베어박물관
2483,390,커플끼리 여행,(서귀포)혼인지
2484,390,커플끼리 여행,(제주)만장굴
2485,390,커플끼리 여행,(제주)세화해변
2486,390,커플끼리 여행,(제주)세화해안도로
2487,390,커플끼리 여행,(제주)우도해양도립공원
2488,코스ID,코스명,관광지명
2489,391,나홀로 여행,(서귀포)건강과 성 박물관
2490,391,나홀로 여행,(서귀포)소리섬박물관
2491,391,나홀로 여행,(서귀포)신양섭지코지 해변
2492,391,나홀로 여행,(서귀포)외돌개
2493,391,나홀로 여행,(서귀포)이중섭미술관
2494,391,나홀로 여행,(서귀포)제주추사관
2495,391,나홀로 여행,(제주)생각하는 정원
2496,391,나홀로 여행,(제주)월령선인장자생지
2497,391,나홀로 여행,(제주)제주향교
2498,391,나홀로 여행,(제주)제주현대미술관
2499,392,제주 1박2일 여행코스,(서귀포)남원큰엉
2500,392,제주 1박2일 여행코스,(서귀포)섭지코지
2501,392,제주 1박2일 여행코스,(서귀포)성산일출봉
2502,392,제주 1박2일 여행코스,(서귀포)소인국테마파크
2503,392,제주 1박2일 여행코스,(서귀포)오설록녹차박물관
2504,392,제주 1박2일 여행코스,(서귀포)용머리해안
2505,392,제주 1박2일 여행코스,(서귀포)제주민속촌박물관
2506,392,제주 1박2일 여행코스,(서귀포)중문관광단지
2507,392,제주 1박2일 여행코스,(서귀포)천지연폭포
2508,392,제주 1박2일 여행코스,(제주)애월해안도로
2509,392,제주 1박2일 여행코스,(제주)한림공원
2510,코스ID,코스명,관광지명
2511,393,제주 2박3일 여행코스,(서귀포)산방산
2512,393,제주 2박3일 여행코스,(서귀포)섭지코지
2513,393,제주 2박3일 여행코스,(서귀포)성산일출봉
2514,393,제주 2박3일 여행코스,(서귀포)성읍민속마을
2515,393,제주 2박3일 여행코스,(서귀포)소인국테마파크
2516,393,제주 2박3일 여행코스,(서귀포)오설록녹차박물관
2517,393,제주 2박3일 여행코스,(서귀포)일출랜드
2518,393,제주 2박3일 여행코스,(서귀포)중문관광단지
2519,393,제주 2박3일 여행코스,(서귀포)천지연폭포
2520,393,제주 2박3일 여행코스,(제주)관음사
2521,393,제주 2박3일 여행코스,(제주)국립제주박물관
2522,393,제주 2박3일 여행코스,(제주)만장굴
2523,393,제주 2박3일 여행코스,(제주)생각하는정원
2524,393,제주 2박3일 여행코스,(제주)용두암
2525,393,제주 2박3일 여행코스,(제주)제주민속자연사박물관
2526,393,제주 2박3일 여행코스,(제주)프시케월드 나비박물관
2527,393,제주 2박3일 여행코스,(제주)함덕해수욕장
2528,394,올레여행 1코스 (시흥-광치기 올레),(서귀포)광치기해변
2529,394,올레여행 1코스 (시흥-광치기 올레),(서귀포)말미오름
2530,394,올레여행 1코스 (시흥-광치기 올레),(서귀포)목화휴게소
2531,394,올레여행 1코스 (시흥-광치기 올레),(서귀포)성산갑문입구
2532,394,올레여행 1코스 (시흥-광치기 올레),(서귀포)수마포
2533,394,올레여행 1코스 (시흥-광치기 올레),(서귀포)시흥초등학교
2534,394,올레여행 1코스 (시흥-광치기 올레),(서귀포)알오름
2535,394,올레여행 1코스 (시흥-광치기 올레),(서귀포)종달리 옛 소금밭
2536,394,올레여행 1코스 (시흥-광치기 올레),(서귀포)종달초등학교
2537,395,올레여행 2코스 (광치기-온평 올레),(서귀포)광치기해변
2538,395,올레여행 2코스 (광치기-온평 올레),(서귀포)대수산봉
2539,395,올레여행 2코스 (광치기-온평 올레),(서귀포)말 방목장입구
2540,395,올레여행 2코스 (광치기-온평 올레),(서귀포)식산봉
2541,395,올레여행 2코스 (광치기-온평 올레),(서귀포)오조리마을회관
2542,395,올레여행 2코스 (광치기-온평 올레),(서귀포)온평포구
2543,395,올레여행 2코스 (광치기-온평 올레),(서귀포)족지물
2544,395,올레여행 2코스 (광치기-온평 올레),(서귀포)혼인지
2545,395,올레여행 2코스 (광치기-온평 올레),(서귀포)홍마트
2546,코스ID,코스명,관광지명
2547,396,올레여행 3코스-A (온평-표선 올레),(서귀포)김영갑갤러리두모악
2548,396,올레여행 3코스-A (온평-표선 올레),(서귀포)난산리
2549,396,올레여행 3코스-A (온평-표선 올레),(서귀포)독자봉
2550,396,올레여행 3코스-A (온평-표선 올레),(서귀포)배고픈다리
2551,396,올레여행 3코스-A (온평-표선 올레),(서귀포)신풍신청 바다목장
2552,396,올레여행 3코스-A (온평-표선 올레),(서귀포)온평포구
2553,396,올레여행 3코스-A (온평-표선 올레),(서귀포)통오름
2554,396,올레여행 3코스-A (온평-표선 올레),(서귀포)표선해비치 해변
2555,397,올레여행 4코스 (표선-남원 올레),(서귀포)남원포구
2556,397,올레여행 4코스 (표선-남원 올레),(서귀포)망오름 정상
2557,397,올레여행 4코스 (표선-남원 올레),(서귀포)영천사/삼석교
2558,397,올레여행 4코스 (표선-남원 올레),(서귀포)표선해비치 해변/해양수산연구소
2559,397,올레여행 4코스 (표선-남원 올레),(서귀포)해병대길
2560,398,올레여행 5코스 (남원쇠소깍 올레),(서귀포)남원큰엉
2561,398,올레여행 5코스 (남원쇠소깍 올레),(서귀포)남원포구
2562,398,올레여행 5코스 (남원쇠소깍 올레),(서귀포)넙빌레
2563,398,올레여행 5코스 (남원쇠소깍 올레),(서귀포)동백나무군락/조배머들코지
2564,398,올레여행 5코스 (남원쇠소깍 올레),(서귀포)망장포/예촌망
2565,398,올레여행 5코스 (남원쇠소깍 올레),(서귀포)쇠소깍
2566,398,올레여행 5코스 (남원쇠소깍 올레),(서귀포)종정테웃개
2567,399,올레여행 6코스 (쇠소깍외돌개 올레),(서귀포)검은여 쉼터
2568,399,올레여행 6코스 (쇠소깍외돌개 올레),(서귀포)구두미 포구
2569,399,올레여행 6코스 (쇠소깍외돌개 올레),(서귀포)남성리사거리
2570,399,올레여행 6코스 (쇠소깍외돌개 올레),(서귀포)삼매봉입구
2571,399,올레여행 6코스 (쇠소깍외돌개 올레),(서귀포)서귀포 매일올레시장/서귀포항
2572,399,올레여행 6코스 (쇠소깍외돌개 올레),(서귀포)쇠소깍
2573,399,올레여행 6코스 (쇠소깍외돌개 올레),(서귀포)외돌개
2574,399,올레여행 6코스 (쇠소깍외돌개 올레),(서귀포)제주올레사무국&안내국
2575,399,올레여행 6코스 (쇠소깍외돌개 올레),(서귀포)제지기오름
2576,코스ID,코스명,관광지명
2577,400,올레여행 7코스 (외돌개월평 올레),(서귀포)강정천
2578,400,올레여행 7코스 (외돌개월평 올레),(서귀포)돔베낭길
2579,400,올레여행 7코스 (외돌개월평 올레),(서귀포)법환포구
2580,400,올레여행 7코스 (외돌개월평 올레),(서귀포)서건도 앞
2581,400,올레여행 7코스 (외돌개월평 올레),(서귀포)수봉로
2582,400,올레여행 7코스 (외돌개월평 올레),(서귀포)외돌개
2583,400,올레여행 7코스 (외돌개월평 올레),(서귀포)월평마을 아왜낭목
2584,400,올레여행 7코스 (외돌개월평 올레),(서귀포)월평포구
2585,401,올레여행 7-1코스 (경기장외돌개 올레),(서귀포)고근산 정상
2586,401,올레여행 7-1코스 (경기장외돌개 올레),(서귀포)대신중학교
2587,401,올레여행 7-1코스 (경기장외돌개 올레),(서귀포)삼매봉 입구 삼거리
2588,401,올레여행 7-1코스 (경기장외돌개 올레),(서귀포)서호초등학교
2589,401,올레여행 7-1코스 (경기장외돌개 올레),(서귀포)엉또폭포
2590,401,올레여행 7-1코스 (경기장외돌개 올레),(서귀포)외돌개
2591,401,올레여행 7-1코스 (경기장외돌개 올레),(서귀포)월드컵경기장
2592,401,올레여행 7-1코스 (경기장외돌개 올레),(서귀포)제남아동복지센터
2593,401,올레여행 7-1코스 (경기장외돌개 올레),(서귀포)하논분화구
2594,402,올레여행 8코스 (월평대평 올레),(서귀포)논짓물
2595,402,올레여행 8코스 (월평대평 올레),(서귀포)대평포구
2596,402,올레여행 8코스 (월평대평 올레),(서귀포)대포포구
2597,402,올레여행 8코스 (월평대평 올레),(서귀포)베릿네오름 입구
2598,402,올레여행 8코스 (월평대평 올레),(서귀포)약천사
2599,402,올레여행 8코스 (월평대평 올레),(서귀포)예래생태공원
2600,402,올레여행 8코스 (월평대평 올레),(서귀포)월평마을 아왜낭목
2601,402,올레여행 8코스 (월평대평 올레),(서귀포)주상절리 안내소
2602,402,올레여행 8코스 (월평대평 올레),(서귀포)중문색달해변
2603,403,올레여행 9코스 (대평화순 올레),(서귀포)대평포구
2604,403,올레여행 9코스 (대평화순 올레),(서귀포)몰질
2605,403,올레여행 9코스 (대평화순 올레),(서귀포)볼레낭길/월라봉
2606,403,올레여행 9코스 (대평화순 올레),(서귀포)자귀나무 숲길/황개천
2607,403,올레여행 9코스 (대평화순 올레),(서귀포)진모르동산
2608,403,올레여행 9코스 (대평화순 올레),(서귀포)화순 금모래해변
2609,코스ID,코스명,관광지명
2610,404,올레여행 10코스 (화순모슬포 올레),(서귀포)사계포구
2611,404,올레여행 10코스 (화순모슬포 올레),(서귀포)산방연대
2612,404,올레여행 10코스 (화순모슬포 올레),(서귀포)섯알오름4?3희생자 추모비
2613,404,올레여행 10코스 (화순모슬포 올레),(서귀포)송악산/송악산 전망대
2614,404,올레여행 10코스 (화순모슬포 올레),(서귀포)하모해수욕장/모슬포항
2615,404,올레여행 10코스 (화순모슬포 올레),(서귀포)화순 금모래해변
2616,405,올레여행 11코스 (모슬포무릉 올레),(서귀포)대정여고
2617,405,올레여행 11코스 (모슬포무릉 올레),(서귀포)모슬봉
2618,405,올레여행 11코스 (모슬포무릉 올레),(서귀포)모슬포항
2619,405,올레여행 11코스 (모슬포무릉 올레),(서귀포)무릉 생태학교
2620,405,올레여행 11코스 (모슬포무릉 올레),(서귀포)신평곶자왈
2621,405,올레여행 11코스 (모슬포무릉 올레),(서귀포)정개왓 광장
2622,405,올레여행 11코스 (모슬포무릉 올레),(서귀포)정난주 마리아 성지
2623,405,올레여행 11코스 (모슬포무릉 올레),(서귀포)효자정려비
2624,406,올레여행 12코스 (무릉용수 올레),(서귀포)녹남봉
2625,406,올레여행 12코스 (무릉용수 올레),(서귀포)무릉 생태학교
2626,406,올레여행 12코스 (무릉용수 올레),(서귀포)신도 생태연못
2627,406,올레여행 12코스 (무릉용수 올레),(제주)당산봉
2628,406,올레여행 12코스 (무릉용수 올레),(제주)생이기정길
2629,406,올레여행 12코스 (무릉용수 올레),(제주)용수포구
2630,406,올레여행 12코스 (무릉용수 올레),(제주)한장동 마을회관/수월봉
2631,407,올레여행 13코스 (용수저지 올레),(제주)고사리숲길
2632,407,올레여행 13코스 (용수저지 올레),(제주)낙천리의자마을
2633,407,올레여행 13코스 (용수저지 올레),(제주)용수포구
2634,407,올레여행 13코스 (용수저지 올레),(제주)저지마을 회관
2635,407,올레여행 13코스 (용수저지 올레),(제주)저지오름
2636,407,올레여행 13코스 (용수저지 올레),(제주)충혼탑사거리/용수저수지
2637,407,올레여행 13코스 (용수저지 올레),(제주)특전사숲길
2638,408,올레여행 14코스 (저지한림 올레),(제주)무명천/월령 선인장 자생지
2639,408,올레여행 14코스 (저지한림 올레),(제주)오시록헌 농로
2640,408,올레여행 14코스 (저지한림 올레),(제주)옹포포구
2641,408,올레여행 14코스 (저지한림 올레),(제주)저지마을 회관
2642,408,올레여행 14코스 (저지한림 올레),(제주)큰소낭 숲길
2643,408,올레여행 14코스 (저지한림 올레),(제주)한림항 비양도 도항선 선착장
2644,408,올레여행 14코스 (저지한림 올레),(제주)협재해수욕장
2645,코스ID,코스명,관광지명
2646,409,올레여행 15코스 (한림고내 올레),(제주)고내봉 입구
2647,409,올레여행 15코스 (한림고내 올레),(제주)고내포구
2648,409,올레여행 15코스 (한림고내 올레),(제주)납읍초등학교 금산공원입구
2649,409,올레여행 15코스 (한림고내 올레),(제주)대수포구
2650,409,올레여행 15코스 (한림고내 올레),(제주)백일홍길
2651,409,올레여행 15코스 (한림고내 올레),(제주)영새성물/선운정사
2652,409,올레여행 15코스 (한림고내 올레),(제주)한림항 비양도 도항선 선착장
2653,410,올레여행 16코스 (한림고내 올레),(제주)고내포구
2654,410,올레여행 16코스 (한림고내 올레),(제주)광령1리 사무소
2655,410,올레여행 16코스 (한림고내 올레),(제주)구엄돌염전
2656,410,올레여행 16코스 (한림고내 올레),(제주)남두연대
2657,410,올레여행 16코스 (한림고내 올레),(제주)수산봉 입구
2658,410,올레여행 16코스 (한림고내 올레),(제주)수산저수지
2659,410,올레여행 16코스 (한림고내 올레),(제주)청화마을
2660,410,올레여행 16코스 (한림고내 올레),(제주)항몽유적지
2661,411,올레여행 17코스 (한림고내 올레),(제주)관덕정
2662,411,올레여행 17코스 (한림고내 올레),(제주)광령1리 사무소
2663,411,올레여행 17코스 (한림고내 올레),(제주)도두봉
2664,411,올레여행 17코스 (한림고내 올레),(제주)동문로터리 산지천 마당
2665,411,올레여행 17코스 (한림고내 올레),(제주)레포츠공원
2666,411,올레여행 17코스 (한림고내 올레),(제주)무수천 숲길
2667,411,올레여행 17코스 (한림고내 올레),(제주)외도월대
2668,411,올레여행 17코스 (한림고내 올레),(제주)용두암
2669,411,올레여행 17코스 (한림고내 올레),(제주)이호테우해변
2670,412,올레여행 18코스 (산지천조천 올레),(제주)닭머르동산/대섬
2671,412,올레여행 18코스 (산지천조천 올레),(제주)동문로터리 산지천 마당
2672,412,올레여행 18코스 (산지천조천 올레),(제주)사라봉/화북포구
2673,412,올레여행 18코스 (산지천조천 올레),(제주)삼양검은모래해변/불탑사
2674,412,올레여행 18코스 (산지천조천 올레),(제주)제주항
2675,412,올레여행 18코스 (산지천조천 올레),(제주)조천 만세동산
2676,413,올레여행 18-1코스 (추자도 올레),돈대산
2677,413,올레여행 18-1코스 (추자도 올레),묵리교차로
2678,413,올레여행 18-1코스 (추자도 올레),신양항/황경헌의 묘
2679,413,올레여행 18-1코스 (추자도 올레),추자교/추자항
2680,413,올레여행 18-1코스 (추자도 올레),추자등대
2681,413,올레여행 18-1코스 (추자도 올레),추자항
2682,코스ID,코스명,관광지명
2683,414,올레여행 19코스 (조천김녕 올레),(제주)김녕농로/김녕서포구
2684,414,올레여행 19코스 (조천김녕 올레),(제주)너븐숭이 4?3기념관
2685,414,올레여행 19코스 (조천김녕 올레),(제주)동복리 마을 운동장
2686,414,올레여행 19코스 (조천김녕 올레),(제주)북촌포구 등명대/북촌동굴
2687,414,올레여행 19코스 (조천김녕 올레),(제주)신흥 해수욕장
2688,414,올레여행 19코스 (조천김녕 올레),(제주)조천 만세동산
2689,414,올레여행 19코스 (조천김녕 올레),(제주)함덕 서우봉해변
2690,415,올레여행 20코스 (김녕하도 올레),(제주)계룡동마을회관
2691,415,올레여행 20코스 (김녕하도 올레),(제주)김녕서포구
2692,415,올레여행 20코스 (김녕하도 올레),(제주)뱅듸길/제주해녀박물관
2693,415,올레여행 20코스 (김녕하도 올레),(제주)월정해수욕장
2694,415,올레여행 20코스 (김녕하도 올레),(제주)좌가연대
2695,415,올레여행 20코스 (김녕하도 올레),(제주)행원포구
2696,415,올레여행 20코스 (김녕하도 올레),(제주)환해장성
2697,416,올레여행 21코스 (하도 종달올레),(제주)낯물밭길/별방진
2698,416,올레여행 21코스 (하도 종달올레),(제주)제주해녀박물관
2699,416,올레여행 21코스 (하도 종달올레),(제주)종달바당
2700,416,올레여행 21코스 (하도 종달올레),(제주)지미봉 정상
2701,416,올레여행 21코스 (하도 종달올레),(제주)토끼섬/하도해수욕장
2702,416,올레여행 21코스 (하도 종달올레),(제주)해안도로(석다원)
2703,417,춘천 의암호 나들길,(춘천)공지천
2704,417,춘천 의암호 나들길,(춘천)근화동배터
2705,417,춘천 의암호 나들길,(춘천)김유정문학촌
2706,417,춘천 의암호 나들길,(춘천)당간지주
2707,417,춘천 의암호 나들길,(춘천)박사마을 선양탑
2708,417,춘천 의암호 나들길,(춘천)봉화대(라데나콘도)
2709,417,춘천 의암호 나들길,(춘천)소양2교
2710,417,춘천 의암호 나들길,(춘천)소양강처녀상
2711,417,춘천 의암호 나들길,(춘천)소양댐
2712,417,춘천 의암호 나들길,(춘천)송암리
2713,417,춘천 의암호 나들길,(춘천)신매대교
2714,417,춘천 의암호 나들길,(춘천)어린이회관
2715,417,춘천 의암호 나들길,(춘천)중도 섬둘레길
2716,417,춘천 의암호 나들길,(춘천)황금비늘테마거리
2717,코스ID,코스명,관광지명
2718,418,원주 치악산 금강송길,(원주)구룡사
2719,418,원주 치악산 금강송길,(원주)국형사
2720,418,원주 치악산 금강송길,(원주)비로봉
2721,418,원주 치악산 금강송길,(원주)세렴폭포
2722,418,원주 치악산 금강송길,(원주)입석대
2723,418,원주 치악산 금강송길,(원주)항로봉
2724,419,강릉 대관령 옛길,(강릉)관음리5층석탑
2725,419,강릉 대관령 옛길,(강릉)대공산성
2726,419,강릉 대관령 옛길,(강릉)대관령국사성황사 및 산신당
2727,419,강릉 대관령 옛길,(강릉)대관령박물관
2728,419,강릉 대관령 옛길,(강릉)대관령양떼목장
2729,419,강릉 대관령 옛길,(강릉)대관령휴게소
2730,419,강릉 대관령 옛길,(강릉)명주군완릉
2731,419,강릉 대관령 옛길,(강릉)보현사
2732,419,강릉 대관령 옛길,(강릉)선자령
2733,419,강릉 대관령 옛길,(강릉)오봉서원
2734,419,강릉 대관령 옛길,(강릉)임경당(상임경당)
2735,420,태백 해바라기 산소길,(태백)검룡소
2736,420,태백 해바라기 산소길,(태백)매봉산풍력단지
2737,420,태백 해바라기 산소길,(태백)석탄박물관
2738,420,태백 해바라기 산소길,(태백)용연동굴
2739,421,속초 산행의 즐거움을 만끽하는 산소 길,(속초)엑스포공원 일대
2740,421,속초 산행의 즐거움을 만끽하는 산소 길,(속초)조양동선사유적지
2741,421,속초 산행의 즐거움을 만끽하는 산소 길,(속초)청대산(떡밭재)
2742,422,홍천 수타사 산소길,(홍천)가리산자연휴양림
2743,422,홍천 수타사 산소길,(홍천)수타사. 공작산 생태숲
2744,422,홍천 수타사 산소길,(홍천)자연환경연구공원
2745,422,홍천 수타사 산소길,(홍천)하이트맥주산업단지
2746,422,홍천 수타사 산소길,(홍천)홍천생명건강과학관
2747,코스ID,코스명,관광지명
2748,423,영월 별마로천문대 산소길,(영월)강원도 탄광문화촌
2749,423,영월 별마로천문대 산소길,(영월)동강사진박물관
2750,423,영월 별마로천문대 산소길,(영월)별마로천문대
2751,423,영월 별마로천문대 산소길,(영월)선돌
2752,423,영월 별마로천문대 산소길,(영월)영흥리
2753,423,영월 별마로천문대 산소길,(영월)장릉
2754,423,영월 별마로천문대 산소길,(영월)청령포
2755,424,평창 오대산 천년의 숲길,(평창)동파골야영장
2756,424,평창 오대산 천년의 숲길,(평창)상원사
2757,424,평창 오대산 천년의 숲길,(평창)월정사
2758,424,평창 오대산 천년의 숲길,(평창)한국자생식물원
2759,425,양구 두타연 DMZ 평화누리길,(양구)광치자연휴양림
2760,425,양구 두타연 DMZ 평화누리길,(양구)국토정중앙천문대
2761,425,양구 두타연 DMZ 평화누리길,(양구)두타연
2762,425,양구 두타연 DMZ 평화누리길,(양구)박수근미술관
2763,425,양구 두타연 DMZ 평화누리길,(양구)방산자기박물관
2764,425,양구 두타연 DMZ 평화누리길,(양구)선사박물관
2765,425,양구 두타연 DMZ 평화누리길,(양구)을지전망대
2766,425,양구 두타연 DMZ 평화누리길,(양구)전쟁기념관
2767,425,양구 두타연 DMZ 평화누리길,(양구)제4땅굴
2768,425,양구 두타연 DMZ 평화누리길,(양구)통일관
2769,425,양구 두타연 DMZ 평화누리길,(양구)한반도섬
2770,426,고성 화진포 산소길,(고성)건봉사
2771,426,고성 화진포 산소길,(고성)송지호
2772,426,고성 화진포 산소길,(고성)청간정
2773,426,고성 화진포 산소길,(고성)통일전망대
2774,426,고성 화진포 산소길,(고성)화진포 관광지
2775,427,아라자전거길,(서울)아라한강갑문
2776,427,아라자전거길,(인천)아라서해갑문 
2777,428,한강종주자전거길(서울구간),(남양주)팔당대교
2778,428,한강종주자전거길(서울구간),(서울)광나루 자전거공원
2779,428,한강종주자전거길(서울구간),(서울)뚝섬 전망콜플렉스
2780,428,한강종주자전거길(서울구간),(서울)아라한강갑문
2781,428,한강종주자전거길(서울구간),(서울)여의도 서강대교 남단
2782,"
코스ID",코스명,관광지명
2783,429,남한강자전거길,(남양주)북한강철교
2784,429,남한강자전거길,(남양주)팔당대교
2785,429,남한강자전거길,(양평)양평군립미술관
2786,429,남한강자전거길,(여주)강천보
2787,429,남한강자전거길,(여주)여주보
2788,429,남한강자전거길,(여주)이포보
2789,429,남한강자전거길,(충주)목행교
2790,429,남한강자전거길,(충주)비내섬
2791,429,남한강자전거길,(충주)탄금대
2792,430,북한강자전거길,(가평)경강교
2793,430,북한강자전거길,(남양주)밝은 광장
2794,430,북한강자전거길,(남양주)샛터삼거리
2795,430,북한강자전거길,(춘천)신매대교
2796,430,북한강자전거길,(춘천)의암댐
2797,431,새재자전거길,(괴산)이화령 휴게소
2798,431,새재자전거길,(문경)불정역
2799,431,새재자전거길,(상주)상풍교
2800,431,새재자전거길,(충주)수안보온천
2801,431,새재자전거길,(충주)탄금대
2802,432,국토종주  낙동강자전거길,(고령)강정고령보
2803,432,국토종주  낙동강자전거길,(고령)달성보
2804,432,국토종주  낙동강자전거길,(구미)구미보
2805,432,국토종주  낙동강자전거길,(부산)낙동강 하구둑
2806,432,국토종주  낙동강자전거길,(상주)낙단보
2807,432,국토종주  낙동강자전거길,(상주)상주보
2808,432,국토종주  낙동강자전거길,(상주)상풍교
2809,432,국토종주  낙동강자전거길,(양산)물문화관
2810,432,국토종주  낙동강자전거길,(창녕)창녕함안보
2811,432,국토종주  낙동강자전거길,(창녕)합천창녕보
2812,432,국토종주  낙동강자전거길,(칠곡)칠곡보
2813,"
코스ID",코스명,관광지명
2814,433,낙동강종주자전거길,(고령)강정고령보
2815,433,낙동강종주자전거길,(고령)달성보
2816,433,낙동강종주자전거길,(구미)구미보
2817,433,낙동강종주자전거길,(부산)낙동강 하구둑
2818,433,낙동강종주자전거길,(상주)낙단보
2819,433,낙동강종주자전거길,(상주)상주보
2820,433,낙동강종주자전거길,(상주)상풍교
2821,433,낙동강종주자전거길,(안동)안동댐
2822,433,낙동강종주자전거길,(양산)물문화관
2823,433,낙동강종주자전거길,(창녕)창녕함안보
2824,433,낙동강종주자전거길,(창녕)합천창녕보
2825,433,낙동강종주자전거길,(칠곡)칠곡보
2826,코스ID,,관광지명
2827,434,금강자전거길,(공주)공주보
2828,434,금강자전거길,(서천)금강하구둑
2829,434,금강자전거길,(세종)세종보
2830,434,금강자전거길,(익산)성당포구
2831,434,금강자전거길,(청양)백제보
2832,434,금강자전거길,(청주)대청댐
2833,435,영산강자전거길,(광주)승촌보
2834,435,영산강자전거길,(나주)느러지 관람전망대
2835,435,영산강자전거길,(나주)죽산보
2836,435,영산강자전거길,(담양)담양대나무숲
2837,435,영산강자전거길,(담양)담양댐
2838,435,영산강자전거길,(담양)메타세쿼이아길
2839,435,영산강자전거길,(무안)영산강 하구둑
2840,436,섬진강자전거길,(곡성)횡탄정
2841,436,섬진강자전거길,(광양)매화마을
2842,436,섬진강자전거길,(광양)배알도수변공원
2843,436,섬진강자전거길,(구례)남도대교
2844,436,섬진강자전거길,(구례)사성암
2845,436,섬진강자전거길,(순창)장군목
2846,436,섬진강자전거길,(순창)향가유원지
2847,436,섬진강자전거길,(임실)섬진강생활체육공원(강진교)
2848,437,오천 자전거길,(괴산)괴강교
2849,437,오천 자전거길,(괴산)행촌교차로
2850,437,오천 자전거길,(세종)합강공원
2851,437,오천 자전거길,(증평)백로공원
2852,437,오천 자전거길,(청주)무심천교
2853,코스ID,코스명,관광지명
2854,438,동해안 자전거길(강원),(강릉)경포해변
2855,438,동해안 자전거길(강원),(강릉)정동진
2856,438,동해안 자전거길(강원),(고성)북천철교
2857,438,동해안 자전거길(강원),(고성)통일전망대
2858,438,동해안 자전거길(강원),(고셩)봉포해변
2859,438,동해안 자전거길(강원),(동해)망상해변
2860,438,동해안 자전거길(강원),(동해)추암촛대바위
2861,438,동해안 자전거길(강원),(삼척)임원
2862,438,동해안 자전거길(강원),(삼척)한재공원
2863,438,동해안 자전거길(강원),(속초)영금정
2864,438,동해안 자전거길(강원),(양양)동호해변
2865,438,동해안 자전거길(강원),(양양)지경공원
